group,position,name,athlete_code,total_runs,comment,super_tourist,tourist_flag,returner,super_returner,regular,last_event_code_count_long,event_code,event_date
last_event_code_count_long > 10,1,Adedeji Oluwatosin EMMANUEL,9143904,53,PB 15:14,,,,,,19,4,02/05/2026
Tourist,2,Bobby DAILLY,406107,95,PB 16:35,,T,,,,7,4,02/05/2026
last_event_code_count_long > 10,3,Benjamin THOMPSON,1274833,261,PB 17:07,,,,,,37,4,02/05/2026
last_event_code_count_long > 10,4,Cam FERN,7200950,136,PB 17:53,,,,,,25,4,02/05/2026
First Timer! (comment),5,Richard EMERSON,982556,140,First Timer!,,T,,,,1,4,02/05/2026
Super Regular,6,Aaron CRACKNELL,4085399,254,PB 17:56,,,,,T,43,4,02/05/2026
Super Regular,7,Jon DENNIS,1993344,124,New PB!,,,,,T,32,4,02/05/2026
last_event_code_count_long > 10,8,Antony GOODALL,564145,548,PB 17:22,,,,,,35,4,02/05/2026
last_event_code_count_long > 10,9,Joe SPENCER,473745,358,PB 17:58,,,,,,35,4,02/05/2026
Returner or Super Returner,10,Paul GALLACHER,880692,17,New PB!,,F,T,T,,1,4,02/05/2026
last_event_code_count_long > 10,11,Dhruv AVVARU,9528477,63,PB 18:02,,,,,,26,4,02/05/2026
Returner or Super Returner,12,James BENNETT,7056523,53,PB 17:06,,F,T,,,13,4,02/05/2026
1st First Timer (total_runs=1),13,Damian HORTON,8700580,1,First Timer!,,F,,,,1,4,02/05/2026
Returner or Super Returner,14,Joel OLDER,11304640,3,New PB!,,F,T,,,3,4,02/05/2026
Rest,15,Dylan CHARLES,11440786,8,New PB!,,,,,,8,4,02/05/2026
Rest,16,Alex BENSON,895641,342,PB 17:48,,,,,,6,4,02/05/2026
last_event_code_count_long > 10,17,Dylan FAURE,2950889,101,PB 18:39,,,,,,35,4,02/05/2026
last_event_code_count_long > 10,18,Harrison EADES,1006754,162,PB 19:02,,,,,,19,4,02/05/2026
Super Regular,19,Michael WALSH,756361,433,PB 18:44,,,,,T,47,4,02/05/2026
Rest,20,Will HUZZEY,11971056,8,PB 19:31,,,,,,8,4,02/05/2026
Rest,21,James LINDRIDGE,2254483,32,PB 19:15,,,,,,4,4,02/05/2026
Tourist,22,Martin EMBREY,7820909,81,New PB!,,T,T,,,4,4,02/05/2026
last_event_code_count_long > 10,23,Andrew SMITH,4615831,196,PB 19:01,,,,,,27,4,02/05/2026
Super Regular,24,Joseph BRADLEY,7067148,111,PB 19:24,,,,,T,40,4,02/05/2026
Rest,25,Matt PALMER,11626041,10,PB 18:59,,,,,,10,4,02/05/2026
Super Regular,26,Matt DAVIS,436945,504,PB 19:18,,,,,T,51,4,02/05/2026
Super Regular,27,Dominic BUSHELL,4902968,101,PB 19:45,,,,,T,42,4,02/05/2026
Super Regular,28,Robin Edward MCCOY,517999,307,PB 18:23,,,,,T,25,4,02/05/2026
last_event_code_count_long > 10,29,Neil WESTON-STOKES,1365732,168,PB 19:50,,,,,,20,4,02/05/2026
Returner or Super Returner,30,Mike CROOK,4849575,26,PB 19:59,,F,T,,,5,4,02/05/2026
Rest,31,James WILLETT,2605730,94,New PB!,,,,,,2,4,02/05/2026
last_event_code_count_long > 10,32,Paul YOUNG,4444861,70,PB 19:39,,,,,,13,4,02/05/2026
Rest,33,Terry AUSTIN,889910,27,PB 19:29,,,,,,7,4,02/05/2026
Rest,34,Luke ROBINSON,3043524,10,New PB!,,,,,,9,4,02/05/2026
Returner or Super Returner,35,Jake JOSE,11289887,2,New PB!,,F,T,,,2,4,02/05/2026
Tourist,36,Matt STENNING,428601,327,PB 18:52,,T,,,,8,4,02/05/2026
last_event_code_count_long > 10,37,Michael RICHTER,454186,353,PB 18:54,,,,,,17,4,02/05/2026
Super Regular,38,Adam HAVIS,1533917,354,PB 19:37,,,,,T,35,4,02/05/2026
last_event_code_count_long > 10,39,Frank WATKINSON,8419086,27,PB 18:57,,,,,,12,4,02/05/2026
Super Regular,40,Barry HORGAN,1213176,345,PB 17:32,,,,,T,42,4,02/05/2026
last_event_code_count_long > 10,41,Guy FAIRWEATHER,6010833,106,PB 19:48,,,,,,34,4,02/05/2026
Super Regular,42,Adam BARKHAM,7674275,89,PB 19:34,,,,,T,39,4,02/05/2026
last_event_code_count_long > 10,43,Paul ANDERSON,264243,246,PB 17:24,,,,,,31,4,02/05/2026
Super Regular,44,Logan KEMAN,9890942,57,PB 19:09,,,,,T,36,4,02/05/2026
last_event_code_count_long > 10,45,Thomas MANN,6721894,68,PB 20:08,,,,,,19,4,02/05/2026
last_event_code_count_long > 10,46,Alessio BOSE,7063913,38,PB 19:50,,,,,,21,4,02/05/2026
Rest,47,Simon SANDFORD-DAY,7071663,8,New PB!,,,,,,6,4,02/05/2026
Super Regular,48,David TAYLOR,4050622,97,PB 19:31,,,,,T,42,4,02/05/2026
Rest,49,Sean TRAIN,7624127,23,PB 19:12,,,,,,5,4,02/05/2026
last_event_code_count_long > 10,50,Jack HORNSBY,10672441,46,PB 20:35,,,,,,38,4,02/05/2026
Super Regular,51,Ben JOHNSON,3255208,377,PB 19:31,,,,,T,46,4,02/05/2026
Rest,52,James LENO,3813750,31,PB 20:14,,,,,,8,4,02/05/2026
Super Regular,53,Charles HYDE,11997682,12,PB 20:38,,,,,T,12,4,02/05/2026
Super Regular,54,Phil NIPPARD,2415093,207,PB 19:15,,,,,T,36,4,02/05/2026
Super Regular,55,Daniel BAKER,5288059,86,New PB!,,,,,T,31,4,02/05/2026
last_event_code_count_long > 10,57,Riley HAMMOND,10876249,26,PB 19:56,,,,,,26,4,02/05/2026
last_event_code_count_long > 10,58,Charlotte BARNARD,1300257,151,PB 19:20,,,,,,24,4,02/05/2026
last_event_code_count_long > 10,59,Justin HAZELL,2573986,191,PB 19:42,,,,,,24,4,02/05/2026
Super Regular,60,Benjamin SPLARN,511087,590,PB 18:32,,,,,T,35,4,02/05/2026
Rest,61,Philip SEMPLE,596482,195,PB 19:01,,,,,,8,4,02/05/2026
last_event_code_count_long > 10,62,Evan BROWN,3178876,98,PB 20:18,,,,,,15,4,02/05/2026
last_event_code_count_long > 10,63,Etienne FAURE,1906184,151,PB 20:08,,,,,,25,4,02/05/2026
Super Regular,64,Neil WILD,7119928,229,PB 20:35,,,,,T,44,4,02/05/2026
Super Regular,65,Martin HODGES,618460,263,PB 18:43,,,,,T,37,4,02/05/2026
last_event_code_count_long > 10,66,Darren MURPHY,588891,83,PB 19:34,,,,,,11,4,02/05/2026
Tourist,67,Alice WARD,10085542,52,New PB!,,T,T,,,3,4,02/05/2026
Rest,68,Greg NORTHFIELD,7632208,13,PB 21:17,,,,,,10,4,02/05/2026
last_event_code_count_long > 10,70,Rossa O'SULLIVAN,11071245,33,PB 20:58,,,,,,33,4,02/05/2026
Rest,71,Henry MOORE,6501730,5,New PB!,,,,,,3,4,02/05/2026
last_event_code_count_long > 10,72,Adam SILVER,10753677,24,PB 20:37,,,,,,22,4,02/05/2026
last_event_code_count_long > 10,73,Fraser MURRAY,2913748,20,PB 19:22,,,,,,16,4,02/05/2026
last_event_code_count_long > 10,74,Ian HAW,1414515,266,PB 17:55,,,,,,35,4,02/05/2026
Super Regular,75,Colin HENDERSON,1795180,396,PB 19:41,,,,,T,30,4,02/05/2026
Rest,76,Alex HENDERSON,1739814,233,PB 19:49,,,,,,10,4,02/05/2026
last_event_code_count_long > 10,77,Coby MILES,9017206,45,New PB!,,,,,,19,4,02/05/2026
Super Regular,78,Graeme JENKINSON,7278478,183,New PB!,,,,,T,42,4,02/05/2026
Rest,79,Folabi-Caleb SAIKI,5670195,35,New PB!,,,,,,6,4,02/05/2026
Super Regular,80,Barry MILES,6483739,111,PB 18:46,,,,,T,31,4,02/05/2026
Super Regular,81,Adam LINES,6449708,189,PB 21:40,,,,,T,40,4,02/05/2026
Super Regular,82,Cameron STRUTT,763322,158,PB 19:44,,,,,T,35,4,02/05/2026
Rest,83,Marc MILLER,1626795,161,PB 18:51,,,,,,10,4,02/05/2026
Super Regular,84,Henry SMITH,2256608,67,PB 20:55,,,,,T,40,4,02/05/2026
last_event_code_count_long > 10,85,Mike HIBBITT,7064660,211,PB 21:40,,,,,,37,4,02/05/2026
last_event_code_count_long > 10,86,Lee NDHLOVU,10412040,39,PB 21:15,,,,,,31,4,02/05/2026
1st First Timer (total_runs=1),87,Janes MATTHEWS,12308010,1,First Timer!,,F,,,,1,4,02/05/2026
Super Regular,88,Barnaby HOWES,2305153,337,PB 20:55,,,,,T,34,4,02/05/2026
Super Regular,89,John HARVERSON,4504844,234,PB 19:33,,,,,T,42,4,02/05/2026
Super Regular,90,Christian BRONDUM,10793102,50,New PB!,,,,,T,46,4,02/05/2026
Super Regular,91,Robert Alan PERKINS,801663,359,PB 20:08,,,,,T,38,4,02/05/2026
last_event_code_count_long > 10,92,Mark TOWNSHEND,7609173,52,PB 20:45,,,,,,25,4,02/05/2026
Returner or Super Returner,93,Bruno BOSE,1657322,38,PB 20:51,,F,T,,,13,4,02/05/2026
Rest,94,Matthew GOULD,11715429,18,New PB!,,,,,,9,4,02/05/2026
last_event_code_count_long > 10,95,Cassiah HARVERSON,8609824,80,New PB!,,,,,,11,4,02/05/2026
last_event_code_count_long > 10,97,Anna NUTTALL,3899603,155,PB 21:14,,,,,,27,4,02/05/2026
Super Regular,98,Callum JONES,5085588,335,PB 18:23,,,,,T,49,4,02/05/2026
last_event_code_count_long > 10,99,Jonathan WALE,1238439,111,PB 19:52,,,,,,11,4,02/05/2026
Tourist,100,Oliver MIDDLETON,8577246,61,PB 20:36,,T,T,,,3,4,02/05/2026
Returner or Super Returner,101,Greg GLYNN,8675868,27,PB 21:38,,F,T,,,2,4,02/05/2026
Super Regular,102,Richard SMITH,6691447,199,PB 20:45,,,,,T,46,4,02/05/2026
Rest,103,David HUNT,982385,141,PB 22:06,,,,,,8,4,02/05/2026
Returner or Super Returner,104,Louis WILLIAMS,10891847,2,PB 21:45,,F,T,,,2,4,02/05/2026
First Timer! (comment),105,Daniel DEMPSEY,2073400,11,First Timer!,,T,,,,1,4,02/05/2026
Super Regular,106,Thomas CLARKE,1905155,375,PB 21:44,,,,,T,41,4,02/05/2026
Rest,107,Tom GARDNER,10903610,9,PB 20:42,,,,,,8,4,02/05/2026
First Timer! (comment),108,Theo WARNER,10526344,29,First Timer!,,T,,,,1,4,02/05/2026
Rest,109,Matthew BARDELL,11649213,14,New PB!,,,,,,10,4,02/05/2026
Super Regular,110,Elliot SAVAGE,7731870,84,PB 21:20,,,,,T,35,4,02/05/2026
Super Regular,111,Ben LAWS,924856,354,PB 20:13,,,,,T,32,4,02/05/2026
last_event_code_count_long > 10,112,Colin TINTO,4905260,52,PB 19:40,,,,,,15,4,02/05/2026
Rest,113,Steven GALEA,12099886,4,New PB!,,,,,,3,4,02/05/2026
last_event_code_count_long > 10,114,George FRANKLIN,11719892,12,PB 22:30,,,,,,12,4,02/05/2026
Rest,115,Peter ARMSON-SMITH,7539864,7,New PB!,,,,,,5,4,02/05/2026
1st First Timer (total_runs=1),116,Luke TOOZE,12321102,1,First Timer!,,F,,,,1,4,02/05/2026
last_event_code_count_long > 10,117,Chris GAREY,478335,541,PB 20:12,,,,,,25,4,02/05/2026
Rest,118,Mark PATOW,11641488,6,New PB!,,,,,,6,4,02/05/2026
Rest,119,Callum RIDGWAY,2033746,205,PB 21:08,,,,,,9,4,02/05/2026
last_event_code_count_long > 10,120,Alex JONES,1504279,47,PB 19:10,,,,,,15,4,02/05/2026
Super Regular,121,Charlotte ROWLANDS,11999130,11,PB 22:36,,,,,T,11,4,02/05/2026
last_event_code_count_long > 10,122,Nigel CAIRNS,1043021,308,PB 18:13,,,,,,22,4,02/05/2026
Super Regular,123,Adrian PALMER,1252382,301,PB 20:51,,,,,T,46,4,02/05/2026
last_event_code_count_long > 10,124,Harry WILLIS,4330287,190,PB 19:49,,,,,,22,4,02/05/2026
Rest,125,Sam PANTER,11633081,6,New PB!,,,,,,6,4,02/05/2026
Super Regular,126,Tom EADE,3222425,171,PB 20:35,,,,,T,24,4,02/05/2026
Rest,127,Michael CHILDS,6672148,33,New PB!,,,,,,4,4,02/05/2026
Returner or Super Returner,128,Henry BURDEN,4188211,21,PB 21:52,,F,T,,,3,4,02/05/2026
last_event_code_count_long > 10,129,Jack SHEPHERD,6523066,215,PB 22:45,,,,,,27,4,02/05/2026
Rest,130,Theodore ABRAM,7574165,9,PB 22:57,,,,,,9,4,02/05/2026
last_event_code_count_long > 10,131,Jonathan ABRAM,7557275,40,PB 21:42,,,,,,20,4,02/05/2026
Returner or Super Returner,132,Filip WIDZINSKI,8576123,8,New PB!,,F,T,,,5,4,02/05/2026
Rest,133,Aaron ARDEKANI,12185561,5,New PB!,,,,,,5,4,02/05/2026
Super Regular,134,Lawrence LING,2439526,317,PB 20:12,,,,,T,45,4,02/05/2026
Rest,135,Sebby EFREM,7182034,6,New PB!,,,,,,6,4,02/05/2026
Rest,136,Jonnie NOON,8989705,8,New PB!,,,,,,5,4,02/05/2026
Super Regular,137,Ben ROBERTS,1643488,60,PB 19:16,,,,,T,28,4,02/05/2026
First Timer! (comment),138,Will SWAN,11351184,13,First Timer!,,F,,,,1,4,02/05/2026
Rest,142,Tyler WILLIAMS,11383147,10,PB 22:49,,,,,,10,4,02/05/2026
Rest,143,Jonathan WHITE,4024526,53,PB 19:55,,,,,,8,4,02/05/2026
Super Regular,144,Deryck BROWN,11162340,42,PB 22:22,,,,,T,42,4,02/05/2026
last_event_code_count_long > 10,145,Mamie LIU,480704,349,PB 20:07,,,,,,30,4,02/05/2026
Returner or Super Returner,146,Jack BENSON,6637040,19,New PB!,,F,T,,,2,4,02/05/2026
last_event_code_count_long > 10,147,David HALES,4645202,211,PB 21:56,,,,,,28,4,02/05/2026
First Timer! (comment),148,Joshua WELLS,10712127,2,First Timer!,,F,,,,1,4,02/05/2026
Rest,149,Emily THOMAS,10768284,11,PB 23:06,,,,,,8,4,02/05/2026
Rest,150,Ben GILLMAN,12072618,3,New PB!,,,,,,2,4,02/05/2026
Super Regular,151,Lauren HARDING,899741,136,PB 19:21,,,,,T,29,4,02/05/2026
last_event_code_count_long > 10,152,Nick WOOD,716142,77,PB 19:59,,,,,,14,4,02/05/2026
Super Regular,153,Christopher BROWN,5496996,165,PB 22:36,,,,,T,46,4,02/05/2026
Rest,154,Cillian GRIGGS,1694244,45,PB 23:13,,,,,,6,4,02/05/2026
last_event_code_count_long > 10,155,Clive SMITH,3760015,161,PB 21:02,,,,,,13,4,02/05/2026
last_event_code_count_long > 10,156,Matthew BROGAN,1785959,323,PB 20:33,,,,,,33,4,02/05/2026
First Timer! (comment),157,Max AYLING,8041090,14,First Timer!,,F,,,,1,4,02/05/2026
last_event_code_count_long > 10,158,Robert SHARP,9713472,45,New PB!,,,,,,22,4,02/05/2026
Super Regular,159,Maxim MCBURNETT,7700290,129,PB 21:30,,,,,T,37,4,02/05/2026
last_event_code_count_long > 10,160,Graeme MCCRAE,2028159,89,PB 21:12,,,,,,24,4,02/05/2026
Returner or Super Returner,161,Eleanor RANDALL,10972662,13,PB 23:46,,F,T,,,13,4,02/05/2026
First Timer! (comment),162,Mehalye SOLOMON,9426589,44,First Timer!,,T,,,,1,4,02/05/2026
Rest,163,Adam SOLIMAN,12284526,2,New PB!,,,,,,2,4,02/05/2026
last_event_code_count_long > 10,164,Kevin HARPER,561667,448,PB 18:59,,,,,,32,4,02/05/2026
Rest,165,Sean BOKS,12199584,3,New PB!,,,,,,2,4,02/05/2026
last_event_code_count_long > 10,166,Paul SCREECH,10799459,34,PB 23:18,,,,,,28,4,02/05/2026
last_event_code_count_long > 10,167,Jenny CHEWTER,435576,55,PB 21:14,,,,,,23,4,02/05/2026
First Timer! (comment),168,Lee MANSFIELD,1507794,225,First Timer!,,T,,,,1,4,02/05/2026
1st First Timer (total_runs=1),169,Ben GARDNER,12307805,1,First Timer!,,F,,,,1,4,02/05/2026
Rest,170,Clare HAYES,5132922,71,PB 20:17,,,,,,8,4,02/05/2026
Super Regular,171,Peter ANDERSON,1695543,343,PB 20:46,,,,,T,44,4,02/05/2026
last_event_code_count_long > 10,172,Andrew WEBB,2924199,216,PB 21:30,,,,,,16,4,02/05/2026
Returner or Super Returner,173,William TINTO,5122031,8,New PB!,,F,T,T,,1,4,02/05/2026
Super Regular,174,Andrew RIDLEY,2444376,137,PB 23:10,,,,,T,29,4,02/05/2026
Rest,175,Barry TYLER,11936733,8,PB 23:54,,,,,,8,4,02/05/2026
last_event_code_count_long > 10,176,Nathan DAWES,4830061,69,PB 23:29,,,,,,23,4,02/05/2026
Super Regular,177,George HART,1547610,325,PB 19:15,,,,,T,33,4,02/05/2026
last_event_code_count_long > 10,178,Samuel MORTON,7927672,130,PB 23:24,,,,,,18,4,02/05/2026
Rest,179,Ben WILLSHER,11982988,8,PB 23:31,,,,,,8,4,02/05/2026
Super Regular,180,Todd SEWELL,4883836,160,PB 23:51,,,,,T,45,4,02/05/2026
Rest,181,Finley WALTON,10873466,6,PB 24:27,,,,,,4,4,02/05/2026
last_event_code_count_long > 10,182,Dave WALTON,420407,68,PB 18:36,,,,,,12,4,02/05/2026
Tourist,183,Liam WORTH,5953810,41,PB 23:45,,T,T,T,,1,4,02/05/2026
Tourist,184,Elliot WORTH,541528,440,PB 18:34,,T,T,,,2,4,02/05/2026
Rest,185,David MITCHELL,727199,3,New PB!,,,,,,2,4,02/05/2026
Super Regular,186,Gabriel PAINTIN,1813820,281,PB 22:16,,,,,T,40,4,02/05/2026
Rest,187,Jennifer BURCHETT,6990905,64,PB 22:51,,,,,,4,4,02/05/2026
Rest,188,Thomas THORPE,9340292,9,PB 24:04,,,,,,4,4,02/05/2026
Super Tourist,189,Michael MUGGERIDGE,2714256,305,PB 20:42,1,T,T,,,2,4,02/05/2026
Super Regular,190,Kirill GOLIKOV,3020193,177,PB 23:02,,,,,T,37,4,02/05/2026
Super Regular,191,Nigel GURNEY,6847162,183,PB 24:23,,,,,T,39,4,02/05/2026
last_event_code_count_long > 10,192,Lloyd MOXON,5317979,47,New PB!,,,,,,23,4,02/05/2026
Rest,193,David HEARD,11944346,6,New PB!,,,,,,6,4,02/05/2026
Super Regular,194,Mendis MCBURNETT,7820903,133,PB 21:59,,,,,T,39,4,02/05/2026
Returner or Super Returner,195,Chris MASTERS,10903548,5,New PB!,,F,T,,,2,4,02/05/2026
Super Regular,196,Robert CONNOR,1119677,159,PB 23:16,,,,,T,24,4,02/05/2026
Super Regular,197,Kamalakar PARUCHURI,4808444,270,PB 22:13,,,,,T,53,4,02/05/2026
last_event_code_count_long > 10,198,Shingi PARIRENYATWA,3668658,202,PB 20:03,,,,,,18,4,02/05/2026
last_event_code_count_long > 10,199,Bambo BANJO,9160745,29,PB 22:18,,,,,,18,4,02/05/2026
Rest,200,Terrence CONNOLLY,1751137,119,PB 24:43,,,,,,10,4,02/05/2026
Rest,201,Simon BIRD,1121725,15,PB 22:48,,,,,,6,4,02/05/2026
Tourist,204,Helen KAMAR,8652485,30,PB 23:08,,T,T,,,5,4,02/05/2026
last_event_code_count_long > 10,205,Steve POWELL,1175708,398,PB 21:37,,,,,,16,4,02/05/2026
last_event_code_count_long > 10,206,Oliver FELTON,9029814,43,PB 23:44,,,,,,31,4,02/05/2026
1st First Timer (total_runs=1),207,Miroslav BENEŠ,12198842,1,First Timer!,,F,,,,1,4,02/05/2026
last_event_code_count_long > 10,208,Hayley MOORE,10389308,42,PB 25:02,,,,,,30,4,02/05/2026
Super Regular,209,Patrick JENKINSON,8275665,125,PB 23:44,,,,,T,41,4,02/05/2026
Rest,210,Caitlin DAY,7403909,13,New PB!,,,,,,3,4,02/05/2026
Rest,211,Sam BRYAN,7086112,51,New PB!,,,,,,3,4,02/05/2026
last_event_code_count_long > 10,212,Russell WHITE,7381085,116,PB 23:30,,,,,,25,4,02/05/2026
Rest,213,George DAVISON,9177245,32,PB 23:30,,,,,,10,4,02/05/2026
Super Regular,214,Ted MARTIN,11675591,18,PB 24:15,,,,,T,17,4,02/05/2026
last_event_code_count_long > 10,215,Paul KING,2682055,257,PB 24:23,,,,,,24,4,02/05/2026
Returner or Super Returner,216,Dennis LAVELLE,1089602,16,PB 22:26,,F,T,,,7,4,02/05/2026
Rest,217,Chris BREAVINGTON,1006811,18,PB 24:25,,,,,,5,4,02/05/2026
Rest,218,Jordan DIVER,10849531,9,PB 24:54,,,,,,6,4,02/05/2026
Super Regular,219,Neil SMYTHE,7052936,136,PB 24:48,,,,,T,41,4,02/05/2026
Rest,220,Paul FIRTH,3543361,77,New PB!,,,,,,3,4,02/05/2026
last_event_code_count_long > 10,221,Sophie PARKER,870645,318,PB 22:39,,,,,,30,4,02/05/2026
last_event_code_count_long > 10,222,Sanjay KUMAR,8524720,87,PB 25:15,,,,,,17,4,02/05/2026
Super Regular,223,Peter MCTURK,4132503,179,PB 23:30,,,,,T,40,4,02/05/2026
Rest,224,Caitlin FARRELL,10357883,8,New PB!,,,,,,6,4,02/05/2026
Rest,225,Sean CHADNEY,11659956,9,New PB!,,,,,,8,4,02/05/2026
Super Regular,226,Anna LYTH,5938715,82,PB 25:13,,,,,T,30,4,02/05/2026
First Timer! (comment),227,Jacob WARNER,10789735,46,First Timer!,,T,,,,1,4,02/05/2026
Returner or Super Returner,228,John THOMPSON,1274831,134,PB 19:54,,F,T,T,,1,4,02/05/2026
Super Regular,229,Richard ENGLAND,638115,261,PB 20:04,,,,,T,28,4,02/05/2026
last_event_code_count_long > 10,230,Paul MITCHELL,1881923,38,PB 23:06,,,,,,15,4,02/05/2026
Rest,231,Tom GRAINGER,5521758,19,PB 23:35,,,,,,10,4,02/05/2026
Super Regular,232,Stuart LANCASTER,5316219,225,PB 23:37,,,,,T,35,4,02/05/2026
Super Regular,233,Andrew EDGAR,2856780,180,PB 24:23,,,,,T,27,4,02/05/2026
First Timer! (comment),234,Howard WILLIAMS,3350257,244,First Timer!,,F,,,,1,4,02/05/2026
Tourist,235,Riley BRAZIER,2360900,256,PB 22:11,,T,T,,,2,4,02/05/2026
Rest,236,Patrick ABEL,3854171,11,PB 22:07,,,,,,4,4,02/05/2026
last_event_code_count_long > 10,237,Wesley OOSTHUIZEN,10312873,38,PB 20:46,,,,,,11,4,02/05/2026
Rest,238,William BLAKE,11116166,8,PB 24:49,,,,,,8,4,02/05/2026
Rest,239,Sinéad O'SHEA,11566318,6,New PB!,,,,,,4,4,02/05/2026
Rest,240,Bill SAMPHIRE,5141354,75,PB 23:12,,,,,,10,4,02/05/2026
last_event_code_count_long > 10,241,Elliot CRANMER,9438458,28,PB 22:35,,,,,,14,4,02/05/2026
First Timer! (comment),242,Bruce EMERSON,789730,299,First Timer!,,F,,,,1,4,02/05/2026
First Timer! (comment),243,Adam HOCKEN,529741,271,First Timer!,,T,,,,1,4,02/05/2026
last_event_code_count_long > 10,244,Lloyd HARVEY,566495,517,PB 22:20,,,,,,24,4,02/05/2026
last_event_code_count_long > 10,245,Max FUNNELL,11211208,20,PB 25:35,,,,,,19,4,02/05/2026
1st First Timer (total_runs=1),246,Tomás MAGUIRE,12296775,1,First Timer!,,F,,,,1,4,02/05/2026
Super Regular,247,Ivan GWYNN,1006881,282,PB 20:54,,,,,T,36,4,02/05/2026
Super Regular,248,Antony WILKINS,1903516,72,PB 23:37,,,,,T,38,4,02/05/2026
last_event_code_count_long > 10,249,Nina MCBURNETT,7751921,120,PB 25:17,,,,,,31,4,02/05/2026
last_event_code_count_long > 10,250,Adrian Anthony PORTCH,2158378,75,PB 23:16,,,,,,19,4,02/05/2026
Rest,251,Joshua LIMBACHIA,4727726,18,PB 23:22,,,,,,6,4,02/05/2026
Super Regular,252,Clive WITCOMB,3512132,290,PB 24:03,,,,,T,32,4,02/05/2026
Super Regular,253,Joseph WILLIAMSON,1511541,59,PB 24:39,,,,,T,36,4,02/05/2026
Super Regular,254,Rishabh SANKARARAMAN,5721605,98,PB 22:12,,,,,T,41,4,02/05/2026
last_event_code_count_long > 10,255,Jonathan WYE,767864,224,PB 21:42,,,,,,23,4,02/05/2026
last_event_code_count_long > 10,256,Jon READ,1726602,230,PB 23:06,,,,,,26,4,02/05/2026
Super Regular,257,Ferdia MCCARVILLE,1094680,68,PB 22:01,,,,,T,27,4,02/05/2026
Super Regular,258,Les GRAY,1134649,376,PB 23:52,,,,,T,34,4,02/05/2026
last_event_code_count_long > 10,261,Lucia POSSAMAI,4016582,96,PB 21:44,,,,,,20,4,02/05/2026
Super Regular,262,Emily PENKETT,656210,394,PB 23:19,,,,,T,40,4,02/05/2026
last_event_code_count_long > 10,263,Alexander FIELD,2649682,118,PB 22:00,,,,,,11,4,02/05/2026
Rest,264,Charles Tatenda PFUTE,5094290,105,PB 25:45,,,,,,5,4,02/05/2026
last_event_code_count_long > 10,265,Ben HANSON,7463923,38,PB 24:35,,,,,,17,4,02/05/2026
Rest,266,Indiana CHARLES,11773929,4,New PB!,,,,,,4,4,02/05/2026
First Timer! (comment),267,Sarah YOUNG,8309279,16,First Timer!,,F,,,,1,4,02/05/2026
Rest,268,Michael WEALE,12032897,10,New PB!,,,,,,10,4,02/05/2026
Rest,269,Pete HOARE,7152033,4,PB 26:03,,,,,,2,4,02/05/2026
last_event_code_count_long > 10,270,Keith CAWKWELL,9967917,35,PB 23:41,,,,,,25,4,02/05/2026
last_event_code_count_long > 10,271,Joe BODFIELD,901859,116,PB 22:11,,,,,,26,4,02/05/2026
last_event_code_count_long > 10,272,Sam ALLEN,8788469,77,PB 21:23,,,,,,22,4,02/05/2026
Super Regular,273,Abdul CHOUDHURY,7836579,120,PB 25:27,,,,,T,40,4,02/05/2026
last_event_code_count_long > 10,274,Matthew JIGGINS,11328134,18,New PB!,,,,,,12,4,02/05/2026
last_event_code_count_long > 10,275,Peter ADKINS,515778,481,PB 18:10,,,,,,38,4,02/05/2026
last_event_code_count_long > 10,276,Chris BURLTON,5885495,244,PB 19:50,,,,,,13,4,02/05/2026
Rest,277,Vicky O'DONOVAN,1542782,59,PB 22:59,,,,,,9,4,02/05/2026
last_event_code_count_long > 10,278,Phil NORTON,564802,171,PB 22:52,,,,,,16,4,02/05/2026
Rest,279,Steven FROST,4345688,7,New PB!,,,,,,6,4,02/05/2026
Super Regular,280,Martin GILBERT,5460120,182,PB 25:39,,,,,T,42,4,02/05/2026
last_event_code_count_long > 10,282,Joe BEARD,7886277,28,PB 23:13,,,,,,21,4,02/05/2026
Rest,283,David WILKINSON,85451,5,PB 26:21,,,,,,2,4,02/05/2026
Rest,284,Elliot KIRK,7942727,35,PB 25:58,,,,,,2,4,02/05/2026
Returner or Super Returner,285,Jack PEPPER,5302655,3,New PB!,,F,T,,,2,4,02/05/2026
Rest,286,Jason KENT,11624434,5,PB 24:31,,,,,,5,4,02/05/2026
Super Regular,287,Diana BOND,864401,505,PB 22:13,,,,,T,44,4,02/05/2026
Rest,288,Robert MURRELLS,1092526,95,PB 23:17,,,,,,9,4,02/05/2026
Returner or Super Returner,289,Connor NUNN,4730067,50,PB 24:07,,F,T,,,2,4,02/05/2026
Rest,290,Simon BADCOCK,1195148,212,PB 20:01,,,,,,9,4,02/05/2026
Rest,291,Terry CLARK,6130064,86,New PB!,,,,,,2,4,02/05/2026
Returner or Super Returner,292,Brendan OBYRNE,8505406,15,PB 25:23,,F,T,,,5,4,02/05/2026
Rest,293,Chloe SMITH,10528596,3,New PB!,,,,,,3,4,02/05/2026
last_event_code_count_long > 10,294,Jack HARNETT,10483914,44,PB 23:56,,,,,,33,4,02/05/2026
last_event_code_count_long > 10,295,Martin LODGE,648298,164,PB 21:24,,,,,,28,4,02/05/2026
Super Regular,296,Vicky HOLMES,781028,387,PB 22:30,,,,,T,41,4,02/05/2026
last_event_code_count_long > 10,297,Toby SCOTT,6149062,141,PB 21:43,,,,,,20,4,02/05/2026
last_event_code_count_long > 10,298,Matt SHYNN,1666888,182,PB 24:36,,,,,,17,4,02/05/2026
last_event_code_count_long > 10,299,Peter ANDERSON,4558024,202,PB 22:05,,,,,,15,4,02/05/2026
Rest,300,Aimee O CONNELL,12244517,2,New PB!,,,,,,2,4,02/05/2026
Returner or Super Returner,301,Noel WILSON,344233,59,PB 23:12,,F,T,,,11,4,02/05/2026
last_event_code_count_long > 10,302,Ryan TURNAGE,11052766,23,PB 24:45,,,,,,22,4,02/05/2026
last_event_code_count_long > 10,303,Robert CAPLIS,7504200,174,PB 23:12,,,,,,31,4,02/05/2026
last_event_code_count_long > 10,304,Lea ROGERS,7201930,111,PB 22:25,,,,,,20,4,02/05/2026
Rest,305,Savannah MOORE,3936572,2,PB 24:32,,,,,,2,4,02/05/2026
Tourist,306,Nikki BRAZIER,1489851,301,PB 23:53,,T,T,,,2,4,02/05/2026
Returner or Super Returner,307,Tereza KRUPOVA,3594220,10,PB 24:16,,F,T,,,2,4,02/05/2026
Super Regular,308,Ian WILLINGHAM,3940513,35,PB 24:07,,,,,T,22,4,02/05/2026
Super Regular,309,Martin STEWART,9853915,75,PB 26:19,,,,,T,47,4,02/05/2026
Rest,310,Matthew SMITH,2261582,4,New PB!,,,,,,4,4,02/05/2026
last_event_code_count_long > 10,311,Nevin RANDALL,768090,254,PB 21:08,,,,,,22,4,02/05/2026
Rest,312,John GREEN,10851314,6,PB 24:36,,,,,,4,4,02/05/2026
Super Regular,313,Richard PATTISON,9456755,79,PB 24:48,,,,,T,31,4,02/05/2026
Rest,314,Richard ROBINSON,7539389,103,PB 26:16,,,,,,10,4,02/05/2026
Super Regular,315,Antony SLAVIN,5844016,183,PB 23:59,,,,,T,37,4,02/05/2026
last_event_code_count_long > 10,316,Craig CARRINGTON,1355314,279,PB 22:55,,,,,,41,4,02/05/2026
last_event_code_count_long > 10,317,Liam WILSON,7674666,48,PB 25:02,,,,,,17,4,02/05/2026
last_event_code_count_long > 10,318,Joe WALLER,10747919,32,PB 24:45,,,,,,28,4,02/05/2026
Tourist,319,Ruby BUCK,3324856,16,PB 25:54,,T,T,,,2,4,02/05/2026
last_event_code_count_long > 10,320,Jane ADSHEAD-GRANT,8749013,56,PB 26:12,,,,,,19,4,02/05/2026
Rest,321,Connie HULL,4867428,16,PB 25:59,,,,,,6,4,02/05/2026
Rest,322,Bradley LOFTHOUSE,12086264,4,PB 22:08,,,,,,4,4,02/05/2026
Rest,323,Sean LOFTHOUSE,5155994,7,PB 24:51,,,,,,4,4,02/05/2026
Rest,324,Rupert HULL,4864507,5,PB 24:36,,,,,,4,4,02/05/2026
last_event_code_count_long > 10,325,Justine RICHARDS,733882,167,PB 24:32,,,,,,33,4,02/05/2026
last_event_code_count_long > 10,326,James BROWN,3215927,186,PB 25:21,,,,,,26,4,02/05/2026
Tourist,327,Stephen BRAZIER,1480444,327,PB 20:50,,T,T,,,2,4,02/05/2026
last_event_code_count_long > 10,328,Dan SCURLOCK,1194599,18,PB 21:26,,,,,,12,4,02/05/2026
Rest,329,Drance AMORIM,11830837,7,PB 26:51,,,,,,7,4,02/05/2026
Rest,330,Ken TOOZE,7568421,9,PB 27:00,,,,,,6,4,02/05/2026
Super Regular,331,James GOODALL,10852980,39,PB 24:56,,,,,T,38,4,02/05/2026
Rest,332,Alex MIDDLETON,5873194,20,PB 23:17,,,,,,6,4,02/05/2026
last_event_code_count_long > 10,333,Lauren BUCK,695948,61,PB 22:17,,,,,,25,4,02/05/2026
last_event_code_count_long > 10,334,Duaa HUSSAIN,7925130,28,PB 24:52,,,,,,22,4,02/05/2026
last_event_code_count_long > 10,336,Matt HARRISON,10256000,28,PB 22:34,,,,,,24,4,02/05/2026
last_event_code_count_long > 10,337,Sally CARTER,5785451,124,PB 22:24,,,,,,28,4,02/05/2026
Rest,338,Ray WOOLRIDGE,12045430,9,PB 26:46,,,,,,9,4,02/05/2026
last_event_code_count_long > 10,339,Brodie HOLROYD,11132137,30,New PB!,,,,,,29,4,02/05/2026
Super Regular,340,Harry BALDOCK,9258778,73,PB 23:34,,,,,T,37,4,02/05/2026
last_event_code_count_long > 10,341,Freya LEE,1759598,47,PB 25:37,,,,,,11,4,02/05/2026
Super Regular,342,Steven FUNNELL,6070882,171,PB 25:54,,,,,T,40,4,02/05/2026
last_event_code_count_long > 10,343,Alex BURDEN,644155,90,PB 20:46,,,,,,24,4,02/05/2026
Returner or Super Returner,344,Callum MILLWARD,2917245,81,PB 23:30,,F,T,,,6,4,02/05/2026
Returner or Super Returner,345,Andrew BACON,3405044,14,PB 23:45,,F,T,T,,1,4,02/05/2026
Rest,346,Linda BACON,1326599,23,PB 23:34,,,,,,3,4,02/05/2026
last_event_code_count_long > 10,347,Steven ARMITAGE,986911,56,PB 18:29,,,,,,23,4,02/05/2026
Rest,348,Immy MOORE,7794942,3,PB 26:32,,,,,,2,4,02/05/2026
Rest,349,Rob MOORE,12252004,3,PB 26:36,,,,,,2,4,02/05/2026
Rest,350,Rob HACKETT,11881126,9,PB 27:16,,,,,,9,4,02/05/2026
last_event_code_count_long > 10,351,Pippa RITCHIE,10255948,31,New PB!,,,,,,27,4,02/05/2026
Rest,352,Dominic SALMON,4314942,41,New PB!,,,,,,2,4,02/05/2026
Super Regular,353,Malcolm MACLEOD,872235,436,PB 22:16,,,,,T,36,4,02/05/2026
Super Regular,354,Steven PARSALL,4494286,167,PB 22:24,,,,,T,44,4,02/05/2026
Super Regular,355,Vikki MCEACHERN,428541,219,PB 22:24,,,,,T,43,4,02/05/2026
Super Regular,356,Matt KNIGHT,490927,486,PB 19:53,,,,,T,45,4,02/05/2026
Super Regular,357,Mimi GOODALL,973892,378,PB 22:10,,,,,T,41,4,02/05/2026
Rest,358,Yasmin TUNNAH,7133816,37,PB 27:26,,,,,,10,4,02/05/2026
First Timer! (comment),359,Leigh FARMER,11275709,18,First Timer!,,T,,,,1,4,02/05/2026
Tourist,360,Lorna JUDD,2894550,208,PB 25:11,,T,,,,2,4,02/05/2026
last_event_code_count_long > 10,361,Charlie SQUIRE,10400022,27,PB 27:39,,,,,,11,4,02/05/2026
Rest,362,Kamran DAVIES,4781598,12,PB 25:51,,,,,,10,4,02/05/2026
last_event_code_count_long > 10,363,Jennifer FLINT,2632177,30,PB 24:04,,,,,,14,4,02/05/2026
last_event_code_count_long > 10,364,Paul KEAN,2163732,114,PB 23:10,,,,,,22,4,02/05/2026
Super Regular,365,Steven BOUGHEY,4039584,150,PB 23:02,,,,,T,29,4,02/05/2026
Super Regular,366,Angela O'BRIEN,3402858,181,PB 23:48,,,,,T,21,4,02/05/2026
Returner or Super Returner,367,Gareth MAHONEY,8751686,21,PB 22:42,,F,T,,,13,4,02/05/2026
last_event_code_count_long > 10,368,Samuel James DOWERS,340800,125,PB 24:18,,,,,,23,4,02/05/2026
last_event_code_count_long > 10,369,Saeeda HUSSAIN,11202021,18,PB 26:59,,,,,,18,4,02/05/2026
last_event_code_count_long > 10,370,Chris PARRY,3662456,186,PB 22:22,,,,,,26,4,02/05/2026
last_event_code_count_long > 10,371,Sarah HILLS,2650565,222,PB 24:15,,,,,,34,4,02/05/2026
Rest,372,Andrea SAWYER,1611274,53,PB 27:52,,,,,,10,4,02/05/2026
Rest,374,Alex TOPLIS,8551743,4,New PB!,,,,,,4,4,02/05/2026
Rest,375,John TOPLIS,587281,10,PB 23:44,,,,,,4,4,02/05/2026
last_event_code_count_long > 10,376,Eloise BLOOMFIELD,8644883,14,PB 27:07,,,,,,12,4,02/05/2026
last_event_code_count_long > 10,377,Mina WILSON,11456229,24,PB 27:21,,,,,,24,4,02/05/2026
Super Regular,378,Rob WILSON,11456285,33,PB 24:22,,,,,T,33,4,02/05/2026
last_event_code_count_long > 10,379,Robert HALDANE,621169,299,PB 19:26,,,,,,27,4,02/05/2026
Returner or Super Returner,380,André BOYCE,7548325,3,New PB!,,F,T,,,2,4,02/05/2026
last_event_code_count_long > 10,381,Barrie SMITH,7644130,19,PB 27:51,,,,,,16,4,02/05/2026
Rest,382,Habtom MEBRAHTU,8813699,30,PB 23:24,,,,,,6,4,02/05/2026
Rest,383,Justin YOUNG,7518698,54,PB 20:47,,,,,,7,4,02/05/2026
last_event_code_count_long > 10,384,Will RITCHIE,4515280,130,PB 21:11,,,,,,19,4,02/05/2026
last_event_code_count_long > 10,385,James GWYNN,10516054,29,PB 27:57,,,,,,26,4,02/05/2026
Rest,386,Chris SELDEN,5546799,18,PB 25:41,,,,,,2,4,02/05/2026
last_event_code_count_long > 10,388,Brooke IVEMEY,5085524,99,PB 27:14,,,,,,11,4,02/05/2026
Rest,389,James SULLIVAN,1806085,68,PB 17:03,,,,,,5,4,02/05/2026
last_event_code_count_long > 10,390,Alex MANTON,649154,378,PB 16:25,,,,,,36,4,02/05/2026
Super Regular,391,David LINDSAY,2085806,255,PB 17:12,,,,,T,35,4,02/05/2026
Super Regular,392,James OATES,946065,249,PB 25:51,,,,,T,39,4,02/05/2026
last_event_code_count_long > 10,393,Max WARREN-WATSON,3363713,214,PB 21:13,,,,,,15,4,02/05/2026
Super Regular,394,James BENSON,3038909,38,PB 25:57,,,,,T,32,4,02/05/2026
last_event_code_count_long > 10,395,Vernon HILLS,2252102,141,PB 23:28,,,,,,23,4,02/05/2026
Rest,396,Megan POTTER,10051983,17,PB 27:17,,,,,,9,4,02/05/2026
last_event_code_count_long > 10,397,Tim FARMBOROUGH,5644413,101,PB 26:37,,,,,,29,4,02/05/2026
Super Regular,398,Matthew KIRBY,6880063,51,PB 25:46,,,,,T,21,4,02/05/2026
Rest,399,Fern CHADNEY,11623007,8,PB 28:17,,,,,,7,4,02/05/2026
Rest,400,Ben SMITH,510843,33,PB 24:38,,,,,,5,4,02/05/2026
last_event_code_count_long > 10,402,Julie SCOTT,6156740,125,PB 25:35,,,,,,24,4,02/05/2026
Rest,403,Christopher VANGO-SEARLE,2358938,47,PB 27:05,,,,,,8,4,02/05/2026
last_event_code_count_long > 10,404,Sam J SMITH,11001703,24,New PB!,,,,,,24,4,02/05/2026
last_event_code_count_long > 10,405,Tolu Joyce SAIKI,3220775,93,PB 27:46,,,,,,16,4,02/05/2026
Rest,406,Sophie GRACIA-THOMAS,9327428,38,PB 27:25,,,,,,7,4,02/05/2026
last_event_code_count_long > 10,407,Grace BODFIELD,7998223,42,PB 26:18,,,,,,27,4,02/05/2026
Rest,408,Simon DENNIS,9404867,32,PB 24:11,,,,,,10,4,02/05/2026
Rest,409,Conor MITCHELL,9574545,9,New PB!,,,,,,2,4,02/05/2026
last_event_code_count_long > 10,410,Jon MOORE,8703766,106,PB 26:16,,,,,,11,4,02/05/2026
Tourist,411,Imogen TIDBURY,3994624,89,PB 22:37,,T,,,,12,4,02/05/2026
Super Regular,412,Jennifer BOLTON,3596085,204,PB 25:23,,,,,T,27,4,02/05/2026
Super Regular,413,Izzie SAWYER,9914364,22,PB 26:42,,,,,T,17,4,02/05/2026
last_event_code_count_long > 10,414,Joanne WEBB,2808777,179,PB 26:14,,,,,,13,4,02/05/2026
Rest,415,Peter MCGRATH,10722680,8,PB 28:34,,,,,,7,4,02/05/2026
Super Regular,416,Calvin WRIGHT,1873245,304,PB 26:14,,,,,T,46,4,02/05/2026
last_event_code_count_long > 10,417,Gordon PERKINS,6866674,63,PB 24:13,,,,,,23,4,02/05/2026
Super Regular,418,Joshua CUMMINGS,10370688,25,New PB!,,,,,T,18,4,02/05/2026
Rest,419,Lily STRATFORD,4842016,22,New PB!,,,,,,7,4,02/05/2026
Rest,420,Anna MOSELEY,8190242,28,PB 28:31,,,,,,10,4,02/05/2026
Returner or Super Returner,421,Jonathan CASSIDY,623748,80,PB 24:16,,F,T,,,3,4,02/05/2026
Returner or Super Returner,422,Adam ROWLANDS,7899866,47,PB 26:19,,F,T,,,8,4,02/05/2026
last_event_code_count_long > 10,423,Richard ROWLANDS,8118187,80,PB 22:49,,,,,,20,4,02/05/2026
last_event_code_count_long > 10,424,Debbie BRAY,827986,82,PB 25:59,,,,,,17,4,02/05/2026
last_event_code_count_long > 10,425,Sue WARREN,9755489,38,PB 28:22,,,,,,17,4,02/05/2026
Super Regular,426,Mark VANN,9108951,62,PB 22:30,,,,,T,22,4,02/05/2026
last_event_code_count_long > 10,427,Ed LASAGNA,3035994,335,PB 22:13,,,,,,25,4,02/05/2026
Rest,428,Prakash NAINWAL,10677099,9,PB 28:30,,,,,,9,4,02/05/2026
Rest,429,Matt HULL,5253700,36,PB 25:33,,,,,,8,4,02/05/2026
Rest,430,Wendy ENNIFER,11979155,7,PB 28:50,,,,,,7,4,02/05/2026
Rest,431,Harriet HILL,4460261,9,PB 28:43,,,,,,7,4,02/05/2026
Rest,432,Jill ATTENBOROUGH,4277765,51,PB 26:58,,,,,,3,4,02/05/2026
Rest,433,Scott GODRIDGE,3122618,110,PB 20:23,,,,,,7,4,02/05/2026
Rest,434,Fiona WARD,1514112,18,PB 25:04,,,,,,2,4,02/05/2026
Rest,435,Mark ALDRIDGE,592803,13,PB 25:54,,,,,,4,4,02/05/2026
1st First Timer (total_runs=1),436,Amelia ALDRIDGE,12313784,1,First Timer!,,F,,,,1,4,02/05/2026
Rest,437,Julia DERRICK,7539391,103,PB 28:30,,,,,,10,4,02/05/2026
Rest,438,Aidan DEANE,1050464,104,PB 26:13,,,,,,2,4,02/05/2026
Rest,439,Daniela HARDER,7890491,9,New PB!,,,,,,7,4,02/05/2026
Super Regular,440,Claire RUTHERFORD,861500,259,PB 24:26,,,,,T,42,4,02/05/2026
last_event_code_count_long > 10,441,Daniel HARDY,468757,348,PB 21:23,,,,,,31,4,02/05/2026
Rest,442,Glenn SCOTT,7179919,98,PB 25:21,,,,,,8,4,02/05/2026
last_event_code_count_long > 10,443,Paul MORTON,7927688,116,PB 28:01,,,,,,20,4,02/05/2026
Returner or Super Returner,444,Roger WALKER-ARNOTT,2823574,18,PB 22:28,,F,T,,,9,4,02/05/2026
Returner or Super Returner,445,Dylan LOI,9180480,9,New PB!,,F,T,,,9,4,02/05/2026
Rest,446,Lois RIMMER,4394893,67,PB 26:46,,,,,,10,4,02/05/2026
last_event_code_count_long > 10,447,Rebecca ZARANDI,1509430,259,PB 26:04,,,,,,32,4,02/05/2026
Returner or Super Returner,448,Gaynor COPSEY,2210046,121,PB 25:38,,F,T,T,,1,4,02/05/2026
Super Regular,449,Alan JOHNSON,4524651,281,PB 27:23,,,,,T,41,4,02/05/2026
Super Regular,450,Carmel MEEKING,3616422,181,PB 27:10,,,,,T,38,4,02/05/2026
Returner or Super Returner,451,Benedict DUBOIS,8255191,17,PB 22:37,,F,T,,,4,4,02/05/2026
Returner or Super Returner,452,Graham PERKINS,2442718,108,PB 23:38,,F,T,,,8,4,02/05/2026
last_event_code_count_long > 10,453,Ellie BACON,524716,291,PB 24:42,,,,,,26,4,02/05/2026
Tourist,454,Anna GOLIKOVA,6842867,41,PB 27:36,,T,T,,,6,4,02/05/2026
Returner or Super Returner,455,Natalie OSBORN,2284212,12,PB 26:33,,F,T,T,,1,4,02/05/2026
Tourist,456,Ethan GAYTHER,10567134,11,PB 29:30,,T,T,,,4,4,02/05/2026
last_event_code_count_long > 10,457,Megan WISE,10632964,48,PB 27:51,,,,,,35,4,02/05/2026
Super Regular,458,Robert MORETON,5525227,102,PB 26:50,,,,,T,30,4,02/05/2026
Returner or Super Returner,459,Michael WELLS,5843431,175,PB 21:00,,F,T,,,16,4,02/05/2026
last_event_code_count_long > 10,460,Lee PLAISTOWE,901192,303,PB 22:56,,,,,,16,4,02/05/2026
Returner or Super Returner,461,Stoyan STOYANOV,10017563,16,PB 23:01,,F,T,,,5,4,02/05/2026
last_event_code_count_long > 10,462,Tanya SVILAR,10441742,13,PB 28:30,,,,,,13,4,02/05/2026
Returner or Super Returner,463,Alistair VICKERY,3916226,194,PB 26:53,,F,T,T,,1,4,02/05/2026
last_event_code_count_long > 10,464,David CHATTERJEE,3275730,194,PB 21:44,,,,,,23,4,02/05/2026
Rest,465,Shantel JOSEPH,12237236,3,New PB!,,,,,,3,4,02/05/2026
Rest,466,Toby STOCK,1766731,22,PB 23:10,,,,,,8,4,02/05/2026
last_event_code_count_long > 10,467,Helen SALES,7195949,82,PB 26:34,,,,,,16,4,02/05/2026
Rest,468,Laura JUDD,2836970,253,PB 26:08,,,,,,6,4,02/05/2026
Rest,469,Sophie CHANDLER,8178052,117,PB 28:06,,,,,,5,4,02/05/2026
1st First Timer (total_runs=1),470,Samuel ASTON,12301845,1,First Timer!,,F,,,,1,4,02/05/2026
Rest,471,Douglas CHAMBERS,7385621,53,PB 24:10,,,,,,9,4,02/05/2026
Super Regular,472,Richard MCHALE,477817,281,PB 23:37,,,,,T,32,4,02/05/2026
Rest,473,Ellis BRIGGS,9315658,17,PB 29:33,,,,,,3,4,02/05/2026
Rest,474,Shafaqut HUSSAIN,7214248,45,PB 26:18,,,,,,9,4,02/05/2026
Rest,475,Fiona GILMOUR,5485806,73,PB 27:13,,,,,,4,4,02/05/2026
1st First Timer (total_runs=1),476,Ryan SMITH,6771466,1,First Timer!,,F,,,,1,4,02/05/2026
Tourist,477,Simon PENFOLD,10357205,12,PB 27:41,,T,T,,,4,4,02/05/2026
Returner or Super Returner,478,Isabelle COOMBES,8694238,10,PB 27:52,,F,T,,,2,4,02/05/2026
Rest,479,Ben PATTERSON,11916525,5,PB 24:38,,,,,,5,4,02/05/2026
Returner or Super Returner,480,Robert MCGILLIVRAY,8721871,6,PB 27:47,,F,T,,,2,4,02/05/2026
last_event_code_count_long > 10,481,Mitch ROWDEN,8713196,49,PB 28:29,,,,,,17,4,02/05/2026
Super Regular,482,Georgina WRIGHT,1873271,289,PB 24:52,,,,,T,42,4,02/05/2026
Super Regular,483,David HUXFORD,10054813,42,PB 19:40,,,,,T,28,4,02/05/2026
Tourist,484,Zandelee ELLIS,10171513,4,PB 29:40,,T,T,,,2,4,02/05/2026
First Timer! (comment),485,Eleanor AUSTIN,7256327,7,First Timer!,,F,,,,1,4,02/05/2026
First Timer! (comment),486,Harry SALMON,11144499,4,First Timer!,,F,,,,1,4,02/05/2026
Rest,487,Darren C,7463050,20,PB 28:51,,,,,,6,4,02/05/2026
last_event_code_count_long > 10,488,James SWAIN,1900183,329,PB 22:49,,,,,,37,4,02/05/2026
Super Regular,489,Liz KIRBY,11642071,18,PB 29:27,,,,,T,18,4,02/05/2026
last_event_code_count_long > 10,490,Michael GROSVENOR,4653594,189,PB 25:42,,,,,,11,4,02/05/2026
last_event_code_count_long > 10,491,Joe BATES,4067490,159,PB 23:09,,,,,,27,4,02/05/2026
Rest,492,Mark GURNEY,12061416,4,PB 29:12,,,,,,3,4,02/05/2026
First Timer! (comment),493,Bryan YOUNG,8687730,129,First Timer!,,T,,,,1,4,02/05/2026
Super Regular,494,Sharon MAY-PORTER,11044066,29,PB 29:27,,,,,T,29,4,02/05/2026
Returner or Super Returner,495,Eleanor PITTS,7881984,38,PB 25:15,,F,T,,,5,4,02/05/2026
last_event_code_count_long > 10,496,Rebecca WHITE,10979995,21,PB 28:53,,,,,,13,4,02/05/2026
Super Regular,497,Natalie GRAVELL,4068429,250,PB 22:31,,,,,T,33,4,02/05/2026
Rest,498,Natalie GREIG,1612803,11,PB 26:20,,,,,,5,4,02/05/2026
last_event_code_count_long > 10,499,Steve CLEAVER,728295,419,PB 21:16,,,,,,28,4,02/05/2026
last_event_code_count_long > 10,500,Claire SPLARN,496038,603,PB 21:23,,,,,,27,4,02/05/2026
Super Regular,501,Alison SWEENEY,2055573,259,PB 23:07,,,,,T,23,4,02/05/2026
last_event_code_count_long > 10,502,Michael SPLARN,511081,608,PB 19:51,,,,,,30,4,02/05/2026
Rest,503,Simon TIPPLER,2131019,76,PB 24:06,,,,,,10,4,02/05/2026
Super Regular,504,Kristy BURTON,1169386,396,PB 21:02,,,,,T,43,4,02/05/2026
Super Regular,505,Kal REILLY,1175255,277,PB 24:39,,,,,T,36,4,02/05/2026
Rest,506,Darren SAINSBURY,3305975,112,PB 23:54,,,,,,5,4,02/05/2026
Returner or Super Returner,507,Aleasha KIDDLE,952225,45,PB 24:34,,F,T,,,14,4,02/05/2026
last_event_code_count_long > 10,508,Connor WOOLNER,6832519,73,PB 22:52,,,,,,27,4,02/05/2026
last_event_code_count_long > 10,509,Purneet KAINTH,7281261,119,PB 26:30,,,,,,28,4,02/05/2026
last_event_code_count_long > 10,510,Gareth PRICE,1027528,290,PB 23:37,,,,,,32,4,02/05/2026
Rest,511,Philip TAYLOR,828167,145,PB 23:53,,,,,,2,4,02/05/2026
1st First Timer (total_runs=1),512,Thea SMITH,12314535,1,First Timer!,,F,,,,1,4,02/05/2026
Rest,513,Nicola SMITH,12272819,2,New PB!,,,,,,2,4,02/05/2026
Rest,514,Simon CORLESS,2389398,122,PB 25:31,,,,,,5,4,02/05/2026
Rest,515,Nina IVES,6550696,46,PB 28:08,,,,,,10,4,02/05/2026
last_event_code_count_long > 10,516,Jemma GODDARD,4311494,60,PB 25:59,,,,,,23,4,02/05/2026
Returner or Super Returner,517,Toby BOWLEY,10230023,3,PB 27:02,,F,T,,,2,4,02/05/2026
Rest,519,Faye GARLAND,5984286,25,PB 27:59,,,,,,8,4,02/05/2026
last_event_code_count_long > 10,520,Juliet WARREN-PENNY,1438882,239,PB 24:03,,,,,,16,4,02/05/2026
last_event_code_count_long > 10,521,Lucy HONOUR,1924432,174,PB 27:20,,,,,,17,4,02/05/2026
Rest,522,Jason BEDLOW,4428084,305,PB 25:24,,,,,,3,4,02/05/2026
Super Regular,523,Ian PRICE,597424,55,PB 25:09,,,,,T,37,4,02/05/2026
Super Regular,524,Eleasha WILLIAMS,6710085,28,PB 30:13,,,,,T,24,4,02/05/2026
First Timer! (comment),525,Julie HOCKEN,1474744,238,First Timer!,,T,,,,1,4,02/05/2026
last_event_code_count_long > 10,526,Bernard JONES,2941708,230,PB 21:31,,,,,,29,4,02/05/2026
last_event_code_count_long > 10,527,Luke DAVIES,4756014,121,PB 27:16,,,,,,25,4,02/05/2026
Rest,528,Matthew FENTON,8231265,41,PB 26:34,,,,,,10,4,02/05/2026
last_event_code_count_long > 10,529,Sebastian DULAKE,2667526,72,PB 17:54,,,,,,13,4,02/05/2026
Super Regular,530,Julie FRANKLIN,11086797,30,PB 27:47,,,,,T,30,4,02/05/2026
Super Regular,531,Andy HOLMES,3374717,340,PB 24:18,,,,,T,41,4,02/05/2026
last_event_code_count_long > 10,532,Laurie GLENDINNING,1429738,353,PB 24:14,,,,,,27,4,02/05/2026
Super Regular,533,Bridget KING,4209042,126,PB 28:24,,,,,T,39,4,02/05/2026
last_event_code_count_long > 10,534,Michelle FOSKETT,949843,322,PB 24:42,,,,,,17,4,02/05/2026
last_event_code_count_long > 10,535,Carolyn LEE,5281683,63,PB 29:34,,,,,,20,4,02/05/2026
Rest,536,Rhian SHRIMPLIN,736655,87,PB 20:09,,,,,,6,4,02/05/2026
Returner or Super Returner,537,Mike WAUGH,520961,12,PB 25:34,,F,T,T,,1,4,02/05/2026
Tourist,538,Emily FENWICK,10280007,36,New PB!,,T,T,T,,1,4,02/05/2026
last_event_code_count_long > 10,539,Ciara MARTIN,3443493,96,PB 28:05,,,,,,11,4,02/05/2026
1st First Timer (total_runs=1),540,Richard ASTON,12301367,1,First Timer!,,F,,,,1,4,02/05/2026
Rest,541,Paul DALE,503565,45,PB 23:07,,,,,,6,4,02/05/2026
Rest,542,Sisi WONG,12145819,4,PB 30:30,,,,,,4,4,02/05/2026
last_event_code_count_long > 10,543,Zoe BARBER,1655779,337,PB 22:04,,,,,,30,4,02/05/2026
Rest,544,Joshua GOLD,7271075,21,PB 28:55,,,,,,3,4,02/05/2026
Returner or Super Returner,545,Elliot LYTHGOW,7685268,32,PB 26:22,,F,T,,,6,4,02/05/2026
last_event_code_count_long > 10,546,Kirsty MCDOWELL,3012119,78,PB 26:55,,,,,,12,4,02/05/2026
last_event_code_count_long > 10,547,Eddie HAMBLIN,2338208,41,PB 24:40,,,,,,12,4,02/05/2026
last_event_code_count_long > 10,548,Sarah SMITH,4593466,84,PB 28:36,,,,,,21,4,02/05/2026
last_event_code_count_long > 10,549,Lisa INGRAM,4689820,104,PB 27:36,,,,,,19,4,02/05/2026
Returner or Super Returner,550,James MCCALLUM,2623301,4,New PB!,,F,T,T,,1,4,02/05/2026
Rest,553,Rebecca ROBINSON,6759382,41,New PB!,,,,,,3,4,02/05/2026
1st First Timer (total_runs=1),554,Dillip PUTHAL,6562976,1,First Timer!,,F,,,,1,4,02/05/2026
last_event_code_count_long > 10,555,Sophie GLADWELL,9292343,72,PB 24:20,,,,,,15,4,02/05/2026
Rest,556,Steve ROBB,706482,268,PB 28:17,,,,,,7,4,02/05/2026
last_event_code_count_long > 10,558,Annie CARRINGTON,1355319,202,PB 27:08,,,,,,29,4,02/05/2026
First Timer! (comment),559,Mark ROBERTS,682260,336,First Timer!,,F,,,,1,4,02/05/2026
Rest,560,Gareth WARD,6061714,82,PB 25:46,,,,,,10,4,02/05/2026
Super Regular,561,Marcus TYLER,454780,15,PB 27:42,,,,,T,13,4,02/05/2026
Rest,562,Alec LODGE,979384,483,PB 21:56,,,,,,9,4,02/05/2026
First Timer! (comment),563,Phil SADGROVE,2685400,11,First Timer!,,F,,,,1,4,02/05/2026
Super Regular,564,Neil WARNER,760414,518,PB 28:19,,,,,T,34,4,02/05/2026
Rest,565,John CHESNEY,1825660,9,PB 28:32,,,,,,6,4,02/05/2026
Rest,566,Matthew CUMMINS,7220616,7,PB 28:43,,,,,,2,4,02/05/2026
Rest,567,Helen GILLE,1709988,34,PB 30:50,,,,,,5,4,02/05/2026
Super Regular,568,Robert GAME,7804752,155,PB 24:07,,,,,T,40,4,02/05/2026
last_event_code_count_long > 10,569,Jackie BARLOW,2101116,318,PB 26:08,,,,,,31,4,02/05/2026
Rest,570,Kelly OCONNELL,927560,21,PB 25:00,,,,,,3,4,02/05/2026
Returner or Super Returner,571,Oliver ROGERS,1389434,53,PB 25:24,,F,T,T,,1,4,02/05/2026
Super Regular,572,Jane EDWARDS,2738533,200,PB 26:30,,,,,T,35,4,02/05/2026
Super Regular,573,Toby HEWING,2468211,327,PB 24:42,,,,,T,28,4,02/05/2026
First Timer! (comment),574,Chloe ROGERS,1275632,18,First Timer!,,F,,,,1,4,02/05/2026
1st First Timer (total_runs=1),575,Alexander ASTON,12301395,1,First Timer!,,F,,,,1,4,02/05/2026
1st First Timer (total_runs=1),576,Emma ROCKALL,525326,1,First Timer!,,F,,,,1,4,02/05/2026
Super Regular,577,Emily CORNEY,8735724,69,PB 27:03,,,,,T,34,4,02/05/2026
Super Regular,578,Richard MAPES,1438772,233,PB 26:06,,,,,T,35,4,02/05/2026
Super Regular,579,Sarah BRETT,10530901,48,PB 29:29,,,,,T,40,4,02/05/2026
last_event_code_count_long > 10,580,Ian LANCASTER,4164022,114,PB 26:03,,,,,,25,4,02/05/2026
Super Regular,581,Sue MAPES,1274331,336,PB 25:37,,,,,T,33,4,02/05/2026
Rest,582,Luke HAZELL,9558789,20,PB 28:01,,,,,,7,4,02/05/2026
last_event_code_count_long > 10,583,Abigail MORTON,7927559,133,PB 29:19,,,,,,20,4,02/05/2026
last_event_code_count_long > 10,584,Suresh SEELAM,11499180,20,PB 26:15,,,,,,18,4,02/05/2026
Super Regular,585,Kanusha NAIDU-PERKINS,6866672,77,PB 30:40,,,,,T,31,4,02/05/2026
Super Regular,586,Lauren NEWSON,7182977,70,PB 29:12,,,,,T,30,4,02/05/2026
last_event_code_count_long > 10,587,Sailesh SUDRA,5059187,181,PB 27:42,,,,,,29,4,02/05/2026
last_event_code_count_long > 10,588,Graham GAYTHER,10939385,19,New PB!,,,,,,18,4,02/05/2026
last_event_code_count_long > 10,589,Lorna QUARTLY,2088373,246,PB 28:59,,,,,,15,4,02/05/2026
Returner or Super Returner,590,Niamh WEAREN,8347042,13,PB 30:44,,F,T,,,3,4,02/05/2026
last_event_code_count_long > 10,592,David RAYNER,5272152,224,PB 24:52,,,,,,19,4,02/05/2026
Tourist,594,Matthew GILLETT,10502290,8,PB 22:03,,T,T,,,2,4,02/05/2026
Rest,595,Matthew WOOD,11628838,11,PB 26:36,,,,,,6,4,02/05/2026
last_event_code_count_long > 10,596,Carly BANGS,8644778,64,PB 29:29,,,,,,28,4,02/05/2026
Returner or Super Returner,598,Harry BOON,7961217,12,PB 24:39,,F,T,,,2,4,02/05/2026
last_event_code_count_long > 10,599,Richard DREW,1275621,97,PB 25:05,,,,,,33,4,02/05/2026
Super Regular,600,Dave EMERTON,10264156,49,PB 31:16,,,,,T,26,4,02/05/2026
last_event_code_count_long > 10,601,Paul MORDEY,625188,462,PB 24:10,,,,,,38,4,02/05/2026
Rest,602,Kathryn CABLE,11260124,7,PB 31:11,,,,,,7,4,02/05/2026
Super Regular,603,Marie O'CONNOR,809504,153,PB 27:44,,,,,T,28,4,02/05/2026
Super Regular,604,Becky MASTERS,10774871,26,PB 26:01,,,,,T,19,4,02/05/2026
First Timer! (comment),605,Em MASTERS,11966226,8,First Timer!,,F,,,,1,4,02/05/2026
last_event_code_count_long > 10,606,Ava RYAN,11353418,24,New PB!,,,,,,24,4,02/05/2026
Super Regular,607,Dianne BEER,5409622,175,PB 24:43,,,,,T,33,4,02/05/2026
last_event_code_count_long > 10,608,Sue GILBERT,2851929,235,PB 27:40,,,,,,21,4,02/05/2026
Returner or Super Returner,609,Lisa GIFFIN,7799652,64,PB 27:03,,F,T,,,11,4,02/05/2026
First Timer! (comment),610,Katie SWAN,11363925,10,First Timer!,,F,,,,1,4,02/05/2026
First Timer! (comment),611,Turid HOGAN,5604711,58,First Timer!,,T,,,,1,4,02/05/2026
last_event_code_count_long > 10,612,Abby MARSH,3564267,51,PB 29:25,,,,,,11,4,02/05/2026
First Timer! (comment),613,David HOGAN,5604726,65,First Timer!,,T,,,,1,4,02/05/2026
Returner or Super Returner,614,Violeta NEDELCU,4107994,102,PB 28:27,,F,T,,,3,4,02/05/2026
Rest,615,David TURK,7769002,19,PB 28:54,,,,,,5,4,02/05/2026
last_event_code_count_long > 10,616,Jaye ABEL,10054695,37,PB 29:35,,,,,,22,4,02/05/2026
Returner or Super Returner,617,Dillon FRANKLIN,11109178,9,New PB!,,F,T,,,9,4,02/05/2026
last_event_code_count_long > 10,618,Emily KNIGHT,9676888,17,PB 31:45,,,,,,13,4,02/05/2026
Rest,619,Rachel BABBAGE,3402261,33,PB 30:21,,,,,,8,4,02/05/2026
1st First Timer (total_runs=1),620,Neil THURGOOD,12312109,1,First Timer!,,F,,,,1,4,02/05/2026
last_event_code_count_long > 10,621,Duncan CONWAY,4277943,165,PB 22:32,,,,,,17,4,02/05/2026
last_event_code_count_long > 10,622,Robert SALMON,5076149,191,PB 26:55,,,,,,25,4,02/05/2026
Super Regular,623,Jenny PLAYFORD,3871798,223,PB 29:10,,,,,T,35,4,02/05/2026
last_event_code_count_long > 10,624,Paul FAZACKERLEY,2029914,131,PB 26:13,,,,,,22,4,02/05/2026
last_event_code_count_long > 10,625,Jane GOWERS,856171,250,PB 26:44,,,,,,25,4,02/05/2026
Super Regular,626,Mark GOWERS,638803,215,PB 18:39,,,,,T,29,4,02/05/2026
1st First Timer (total_runs=1),627,Lewis HAYDEN,12078106,1,First Timer!,,F,,,,1,4,02/05/2026
last_event_code_count_long > 10,628,Natalie PARKER,8456351,125,PB 32:29,,,,,,12,4,02/05/2026
last_event_code_count_long > 10,630,Fiona COLLINS,3856793,180,PB 23:25,,,,,,20,4,02/05/2026
last_event_code_count_long > 10,631,Hilda O'KELLY,560380,287,PB 22:44,,,,,,15,4,02/05/2026
Super Regular,632,Andstasia NEVEROVA,9750829,66,PB 29:38,,,,,T,35,4,02/05/2026
Tourist,633,Martin TAYLOR,5297874,52,PB 30:34,,T,,,,2,4,02/05/2026
last_event_code_count_long > 10,634,Andrew BIRBECK,2449430,75,PB 30:08,,,,,,17,4,02/05/2026
First Timer! (comment),635,Chris WALSH,1347642,126,First Timer!,,T,,,,1,4,02/05/2026
last_event_code_count_long > 10,636,Kulvinder CHEEMA,1647674,55,PB 29:06,,,,,,24,4,02/05/2026
last_event_code_count_long > 10,637,Linda DOSSET,956213,380,PB 27:42,,,,,,32,4,02/05/2026
1st First Timer (total_runs=1),638,Michu SHAHAKBAR,11480457,1,First Timer!,,F,,,,1,4,02/05/2026
1st First Timer (total_runs=1),639,Caitlin BECKETT,12313427,1,First Timer!,,F,,,,1,4,02/05/2026
1st First Timer (total_runs=1),640,Lily LOCKER,9375058,1,First Timer!,,F,,,,1,4,02/05/2026
First Timer! (comment),641,Helen TELFER,3614406,340,First Timer!,,T,,,,1,4,02/05/2026
Returner or Super Returner,642,Tom DUKE,7083359,7,PB 29:27,,F,T,T,,1,4,02/05/2026
Returner or Super Returner,643,Tori PINNELL,10409710,32,New PB!,,F,T,,,2,4,02/05/2026
1st First Timer (total_runs=1),644,Alexander SASSE,12317922,1,First Timer!,,F,,,,1,4,02/05/2026
Rest,645,Elsa Katharina SENN,11863348,3,PB 28:28,,,,,,2,4,02/05/2026
last_event_code_count_long > 10,646,Keith PORTER,10816456,22,PB 25:46,,,,,,13,4,02/05/2026
last_event_code_count_long > 10,647,Penelope HILTON,3354288,240,PB 27:11,,,,,,25,4,02/05/2026
First Timer! (comment),648,Lewis DUTTON,1540032,272,First Timer!,,T,,,,1,4,02/05/2026
last_event_code_count_long > 10,649,Katherine TAYLOR,7834873,177,PB 29:44,,,,,,18,4,02/05/2026
Rest,650,Amith SASIDHARAN,2064572,37,PB 27:10,,,,,,7,4,02/05/2026
last_event_code_count_long > 10,651,Steven TIZZARD,2930421,227,PB 21:22,,,,,,22,4,02/05/2026
Rest,652,Lourena SOAVE,5962991,32,PB 29:47,,,,,,2,4,02/05/2026
Returner or Super Returner,653,Nicola DAVISON,7522246,40,PB 30:26,,F,T,T,,1,4,02/05/2026
last_event_code_count_long > 10,654,Sarah HARRIS,2332227,249,PB 27:39,,,,,,29,4,02/05/2026
Rest,655,Marc HOGG,5789770,3,PB 29:17,,,,,,2,4,02/05/2026
Rest,656,Maria HOGG,5789130,3,PB 30:22,,,,,,2,4,02/05/2026
last_event_code_count_long > 10,657,Dan JONES,4380690,61,PB 26:22,,,,,,20,4,02/05/2026
last_event_code_count_long > 10,658,Chantelle DYSON,5747106,127,PB 27:51,,,,,,32,4,02/05/2026
1st First Timer (total_runs=1),659,Rachel LAU,11882445,1,First Timer!,,F,,,,1,4,02/05/2026
Super Regular,660,Joanna POTTER,2260523,178,PB 31:25,,,,,T,40,4,02/05/2026
Super Regular,661,Claire MUSSELWHITE,3623362,249,PB 26:29,,,,,T,36,4,02/05/2026
Rest,662,Peter ADAMS,12019834,6,PB 33:27,,,,,,5,4,02/05/2026
last_event_code_count_long > 10,663,Bodil MCBURNE,7180085,138,PB 29:25,,,,,,34,4,02/05/2026
Rest,664,Dean ALEXANDER,1076483,87,PB 25:22,,,,,,9,4,02/05/2026
Super Regular,665,Jonathan PEARCE,10802907,48,PB 31:58,,,,,T,46,4,02/05/2026
Rest,666,Joanne TOPLIFFE,1917131,121,PB 29:26,,,,,,8,4,02/05/2026
last_event_code_count_long > 10,667,Lynsey EAST,7928271,38,PB 28:48,,,,,,12,4,02/05/2026
Rest,668,Ed MAYO,1018221,31,PB 24:51,,,,,,5,4,02/05/2026
Rest,669,Chris MARCUS,2087984,102,PB 25:27,,,,,,3,4,02/05/2026
Returner or Super Returner,670,Lyndsey HAZELWOOD,5299087,6,PB 30:27,,F,T,T,,1,4,02/05/2026
Returner or Super Returner,671,Katharine SALMON,4204647,25,PB 33:04,,F,T,T,,1,4,02/05/2026
last_event_code_count_long > 10,672,Beth BOSE,4194714,49,PB 30:27,,,,,,21,4,02/05/2026
Super Regular,673,Angela DAY,497184,394,PB 24:44,,,,,T,36,4,02/05/2026
last_event_code_count_long > 10,674,Harriet DAVIES,3928655,29,PB 32:23,,,,,,11,4,02/05/2026
last_event_code_count_long > 10,675,Rowan BANGS,10911124,29,PB 32:42,,,,,,26,4,02/05/2026
last_event_code_count_long > 10,676,Christopher BROWN,637263,441,PB 22:45,,,,,,26,4,02/05/2026
Super Regular,677,David ORMROD,2660174,58,PB 32:59,,,,,T,37,4,02/05/2026
last_event_code_count_long > 10,678,Bopha STARMER-JONES,5260697,43,PB 31:58,,,,,,18,4,02/05/2026
1st First Timer (total_runs=1),679,Ella KEARNS,11913490,1,First Timer!,,F,,,,1,4,02/05/2026
Rest,680,Leighani WHITE,8990514,9,PB 25:50,,,,,,6,4,02/05/2026
Super Regular,681,Malcolm CRESSWELL,567594,415,PB 22:46,,,,,T,35,4,02/05/2026
last_event_code_count_long > 10,682,Jan PYNER,729012,444,PB 26:39,,,,,,21,4,02/05/2026
last_event_code_count_long > 10,683,Jayden WRIGHT,3940212,66,PB 31:45,,,,,,15,4,02/05/2026
last_event_code_count_long > 10,684,Simon KIBBLEWHITE,8544366,83,PB 27:48,,,,,,13,4,02/05/2026
Rest,685,Jess GUNN,8912728,7,New PB!,,,,,,4,4,02/05/2026
last_event_code_count_long > 10,686,Lynne GAREY,482522,543,PB 26:13,,,,,,24,4,02/05/2026
First Timer! (comment),687,Kelly WARREN,11913175,4,First Timer!,,T,,,,1,4,02/05/2026
1st First Timer (total_runs=1),688,Nysa BINDAL,12315793,1,First Timer!,,F,,,,1,4,02/05/2026
First Timer! (comment),689,Tahreem SAJJAD,8798495,49,First Timer!,,F,,,,1,4,02/05/2026
Returner or Super Returner,690,Amy STOCK,1805667,41,PB 34:18,,F,T,,,2,4,02/05/2026
Rest,691,Ryan POWELL,9989797,9,New PB!,,,,,,5,4,02/05/2026
last_event_code_count_long > 10,692,Lauretta DODSWORTH,816419,125,PB 25:35,,,,,,11,4,02/05/2026
Rest,693,Ellie BRUCE,12016307,7,New PB!,,,,,,7,4,02/05/2026
Rest,694,Hannah CARROLL,9469558,25,PB 29:25,,,,,,4,4,02/05/2026
Super Regular,695,Gill WARNER,1244391,212,PB 31:23,,,,,T,34,4,02/05/2026
Rest,696,Nicola SIMPSON,10751863,21,PB 33:21,,,,,,7,4,02/05/2026
Super Regular,697,Russell JONES,11400557,23,PB 33:51,,,,,T,23,4,02/05/2026
Rest,698,Emily PARMENTER,8714420,27,PB 32:50,,,,,,9,4,02/05/2026
Rest,699,Mohamed SOLIMAN,12263157,2,PB 30:23,,,,,,2,4,02/05/2026
last_event_code_count_long > 10,700,Ellen NICHOLSON,7166009,82,PB 25:28,,,,,,26,4,02/05/2026
last_event_code_count_long > 10,701,Jess MCEWEN,10026011,62,PB 31:00,,,,,,14,4,02/05/2026
Returner or Super Returner,702,Rachel DILWORTH,2725263,82,PB 24:19,,F,T,,,3,4,02/05/2026
Super Regular,703,Paul COCKRELL,1934978,431,PB 25:18,,,,,T,42,4,02/05/2026
Rest,704,Cheryl-Fleur AUSTIN,11504484,11,PB 33:25,,,,,,8,4,02/05/2026
Rest,705,George AUSTIN,6960079,12,PB 33:32,,,,,,9,4,02/05/2026
1st First Timer (total_runs=1),706,Lauren HEAL,10642502,1,First Timer!,,F,,,,1,4,02/05/2026
last_event_code_count_long > 10,707,Melissa HOWELL,6136343,137,PB 26:51,,,,,,21,4,02/05/2026
last_event_code_count_long > 10,708,Katy HODIVALA,710562,213,PB 26:27,,,,,,24,4,02/05/2026
last_event_code_count_long > 10,709,Steve CONNETT,3885843,115,PB 29:50,,,,,,22,4,02/05/2026
last_event_code_count_long > 10,710,Tracy FOSTER,9955240,50,PB 33:21,,,,,,30,4,02/05/2026
Super Regular,711,Pauline FRISBY,9076778,96,PB 27:56,,,,,T,41,4,02/05/2026
Rest,712,Lewis MARSH,11151794,4,PB 26:04,,,,,,4,4,02/05/2026
Rest,713,Alison DOBINSON,5177114,24,PB 31:20,,,,,,3,4,02/05/2026
First Timer! (comment),714,Corinne FOSTER,1223801,294,First Timer!,,T,,,,1,4,02/05/2026
Rest,715,Jenn THOMAS,7058068,28,PB 25:46,,,,,,9,4,02/05/2026
Tourist,716,Chantelle THOMSON,11964734,9,PB 35:02,,T,,,,2,4,02/05/2026
last_event_code_count_long > 10,717,Ian CUMMINGS,10404905,47,PB 34:30,,,,,,31,4,02/05/2026
Rest,718,Paul HUGHES,12071301,6,PB 31:00,,,,,,2,4,02/05/2026
Returner or Super Returner,719,Fiona MCCALLUM,805110,68,PB 27:22,,F,T,T,,1,4,02/05/2026
1st First Timer (total_runs=1),720,Sian COOZE,12296486,1,First Timer!,,F,,,,1,4,02/05/2026
Rest,721,Lewis BLABER,10478413,5,PB 31:01,,,,,,5,4,02/05/2026
last_event_code_count_long > 10,722,Julie BEN ABDELJELIL,10065147,64,PB 31:02,,,,,,36,4,02/05/2026
Rest,723,James HAYWARD,12009922,9,PB 31:25,,,,,,9,4,02/05/2026
Returner or Super Returner,724,Jack PENFOLD,10746751,12,PB 28:35,,F,T,,,2,4,02/05/2026
last_event_code_count_long > 10,725,Anita COCKRELL,423605,214,PB 30:46,,,,,,29,4,02/05/2026
Super Regular,726,Steve PERRY,3038525,213,PB 29:07,,,,,T,40,4,02/05/2026
last_event_code_count_long > 10,727,Michael WALTER,2442774,317,PB 26:43,,,,,,27,4,02/05/2026
last_event_code_count_long > 10,728,Stephen BARLOW,2097863,297,PB 25:15,,,,,,19,4,02/05/2026
last_event_code_count_long > 10,729,Annie GUMBEER,5799227,29,PB 33:49,,,,,,14,4,02/05/2026
Super Regular,730,Abi EARLY,11599985,19,PB 33:35,,,,,T,19,4,02/05/2026
Tourist,731,Maddy HUGHES,7888254,59,PB 30:58,,T,T,,,8,4,02/05/2026
Super Regular,732,Nicola KERWIN,2117393,184,PB 32:32,,,,,T,37,4,02/05/2026
last_event_code_count_long > 10,733,Pj RICHARDS,3675116,38,PB 32:36,,,,,,13,4,02/05/2026
last_event_code_count_long > 10,734,Amanda CRADDOCK,4871973,181,PB 33:16,,,,,,22,4,02/05/2026
Rest,735,Vicky GOSLING,1478131,11,PB 30:46,,,,,,5,4,02/05/2026
Rest,736,Janine LILES,7674595,15,PB 30:58,,,,,,10,4,02/05/2026
Tourist,737,Andrew BROOKS,6464394,167,PB 31:44,,T,,,,2,4,02/05/2026
1st First Timer (total_runs=1),738,Ellie JOHNSON,12300696,1,First Timer!,,F,,,,1,4,02/05/2026
last_event_code_count_long > 10,739,Brian Stephen CATT,436880,168,PB 24:56,,,,,,13,4,02/05/2026
Returner or Super Returner,740,Pippa TRIMMER,11247990,4,PB 31:51,,F,T,,,4,4,02/05/2026
last_event_code_count_long > 10,741,Nicholas FELTON,2404127,287,PB 27:39,,,,,,15,4,02/05/2026
First Timer! (comment),742,Chloe WILLIAMS,8101371,9,First Timer!,,F,,,,1,4,02/05/2026
Rest,743,Olivia CROUCH,9634478,23,PB 35:59,,,,,,7,4,02/05/2026
Super Tourist,744,Clair CHAPMAN,6552275,175,New PB!,1,T,T,T,,1,4,02/05/2026
Super Tourist,745,Mark CHAPMAN,6552210,119,New PB!,1,T,T,T,,1,4,02/05/2026
Rest,746,Jon SCOTT,12169150,3,New PB!,,,,,,3,4,02/05/2026
last_event_code_count_long > 10,747,Ghislaine SINDEN,1944605,33,PB 31:07,,,,,,14,4,02/05/2026
Tourist,748,Faye WELHAM,9604131,23,PB 36:21,,T,T,,,3,4,02/05/2026
last_event_code_count_long > 10,749,Alison CHURCHETT,3496323,233,PB 31:01,,,,,,27,4,02/05/2026
1st First Timer (total_runs=1),750,Ruth SELDEN,12318337,1,First Timer!,,F,,,,1,4,02/05/2026
Rest,751,Howard MIDDLETON,6278310,4,PB 37:47,,,,,,4,4,02/05/2026
last_event_code_count_long > 10,752,Fiona FAIRMAN,8298157,18,PB 32:26,,,,,,16,4,02/05/2026
Rest,753,Debra BEDLOW,7051109,84,PB 37:14,,,,,,3,4,02/05/2026
Rest,754,Greg POTTS,260220,23,PB 26:59,,,,,,7,4,02/05/2026
Super Regular,755,Kelly MACKEY,7758461,114,PB 33:35,,,,,T,30,4,02/05/2026
Rest,756,Jacqueline COCCA,6488067,85,PB 28:51,,,,,,6,4,02/05/2026
last_event_code_count_long > 10,757,Sally GIBBONS,1408903,42,PB 32:35,,,,,,12,4,02/05/2026
Returner or Super Returner,758,Chris CHAPPELL,4289909,19,PB 28:29,,F,T,,,3,4,02/05/2026
Returner or Super Returner,759,Scar NICHOLLS,9096115,43,PB 27:31,,F,T,,,12,4,02/05/2026
1st First Timer (total_runs=1),760,Grace CAMPBELL,12306060,1,First Timer!,,F,,,,1,4,02/05/2026
Rest,761,Kim COLLOM,1634078,113,PB 29:49,,,,,,7,4,02/05/2026
last_event_code_count_long > 10,762,Maxine JONES,2941621,212,PB 32:49,,,,,,26,4,02/05/2026
Rest,763,Eni-Zoe SAIKI,5670105,29,PB 33:39,,,,,,6,4,02/05/2026
Returner or Super Returner,764,Ellie PAWLINA,9887989,7,PB 34:01,,F,T,,,2,4,02/05/2026
1st First Timer (total_runs=1),765,Courtenay PATTERSON,12302600,1,First Timer!,,F,,,,1,4,02/05/2026
Rest,766,Shirley CHEUNG,12142387,4,PB 35:38,,,,,,4,4,02/05/2026
Rest,767,Kumkum REKHARI,4610683,8,PB 34:31,,,,,,3,4,02/05/2026
Returner or Super Returner,768,Claire FENTON,7489879,81,PB 31:14,,F,T,,,14,4,02/05/2026
Returner or Super Returner,769,Paul FENTON,8358259,6,PB 32:16,,F,T,T,,1,4,02/05/2026
Super Regular,770,Kim FREWIN,813503,236,PB 30:12,,,,,T,43,4,02/05/2026
last_event_code_count_long > 10,771,Duncan COLES,7994841,14,PB 34:42,,,,,,13,4,02/05/2026
Super Regular,772,Clive MUSSELWHITE,8812399,44,PB 28:28,,,,,T,25,4,02/05/2026
last_event_code_count_long > 10,773,Adele HUNTER,8702150,12,PB 38:21,,,,,,12,4,02/05/2026
last_event_code_count_long > 10,774,Tracey PLANE,446730,233,PB 30:07,,,,,,11,4,02/05/2026
First Timer! (comment),775,Rebecca SALMON,7921173,111,First Timer!,,T,,,,1,4,02/05/2026
last_event_code_count_long > 10,776,Sue KNOWLES,4999928,29,PB 35:47,,,,,,16,4,02/05/2026
Rest,777,Pip DOUGLAS,3393463,52,PB 35:14,,,,,,6,4,02/05/2026
Rest,778,Katy MORGAN,9413957,23,PB 29:55,,,,,,8,4,02/05/2026
last_event_code_count_long > 10,779,Ashleigh DOBSON,5178744,242,PB 26:41,,,,,,26,4,02/05/2026
Super Regular,780,Roan GRAVELL,4689082,34,PB 33:30,,,,,T,28,4,02/05/2026
last_event_code_count_long > 10,781,Trevor HARRIS,4902972,123,PB 32:49,,,,,,19,4,02/05/2026
Rest,782,Rebecca DRAGE,10291114,9,PB 36:01,,,,,,6,4,02/05/2026
Rest,783,Kathryn O'BYRNE,7877094,34,PB 31:49,,,,,,7,4,02/05/2026
Rest,784,John SMITH,6773948,47,PB 32:28,,,,,,8,4,02/05/2026
Rest,785,Freya BASSETT,10643413,23,PB 34:20,,,,,,10,4,02/05/2026
last_event_code_count_long > 10,787,Theo HAYMAN,8710297,39,PB 33:10,,,,,,32,4,02/05/2026
Super Regular,788,Emily HAYMAN,1251994,140,PB 25:46,,,,,T,36,4,02/05/2026
Returner or Super Returner,789,Lucy DALGARNO,7540230,8,PB 28:50,,F,T,T,,1,4,02/05/2026
last_event_code_count_long > 10,790,Georgie WRIGHT,10388265,24,PB 27:02,,,,,,17,4,02/05/2026
Rest,791,Vincent MILES,6099161,31,PB 38:00,,,,,,6,4,02/05/2026
Super Regular,792,Roger MONTGOMERY,10233302,69,PB 38:29,,,,,T,49,4,02/05/2026
last_event_code_count_long > 10,793,Samantha LASAGNA,4635997,49,PB 39:16,,,,,,37,4,02/05/2026
Returner or Super Returner,794,Sandy SMITH,5484469,55,PB 29:46,,F,T,,,19,4,02/05/2026
last_event_code_count_long > 10,795,Joanna WILKINS,10630028,18,New PB!,,,,,,15,4,02/05/2026
Rest,796,Marie-Laure SIMARD,5392978,39,PB 35:45,,,,,,7,4,02/05/2026
Super Regular,798,Jeanette TAYLOR,5616219,249,PB 31:18,,,,,T,43,4,02/05/2026
1st First Timer (total_runs=1),799,Ellie WILSON,12308378,1,First Timer!,,F,,,,1,4,02/05/2026
First Timer! (comment),800,Ethan WHITE,11970571,2,First Timer!,,T,,,,1,4,02/05/2026
Returner or Super Returner,802,Lisa JARDIM,3075635,11,PB 34:03,,F,T,T,,1,4,02/05/2026
Rest,804,Sarel BOSMAN,8665114,6,New PB!,,,,,,3,4,02/05/2026
Returner or Super Returner,805,Tasnia KAMAL,7177604,23,PB 31:13,,F,T,,,2,4,02/05/2026
Rest,806,Karen GOODYEAR,4293747,125,PB 29:45,,,,,,10,4,02/05/2026
last_event_code_count_long > 10,807,Maxine HENDY,10486499,23,PB 25:26,,,,,,15,4,02/05/2026
Super Regular,808,Fred RICHES,7130288,198,PB 30:53,,,,,T,41,4,02/05/2026
last_event_code_count_long > 10,809,Melanie BONNETT,3265032,23,PB 41:13,,,,,,20,4,02/05/2026
Super Regular,810,David JONES,994971,106,PB 37:18,,,,,T,30,4,02/05/2026
First Timer! (comment),811,David NICKLESS,7921252,104,First Timer!,,T,,,,1,4,02/05/2026
Returner or Super Returner,812,Sophie HANSHAW,8848392,16,PB 43:26,,F,T,T,,1,4,02/05/2026
Super Regular,813,Evie HUNT,11795012,13,PB 40:39,,,,,T,12,4,02/05/2026
Super Regular,814,Mark PERRIS,7085412,203,PB 26:26,,,,,T,34,4,02/05/2026
last_event_code_count_long > 10,815,Matt BOLTON,3528190,89,PB 22:18,,,,,,20,4,02/05/2026
Rest,816,Elliott BOLTON,9615342,5,PB 40:54,,,,,,4,4,02/05/2026
1st First Timer (total_runs=1),817,Sally-Anne DRURY-BOLTON,12286218,1,First Timer!,,F,,,,1,4,02/05/2026
last_event_code_count_long > 10,818,Dylan WILLIAMS,10824310,23,PB 37:05,,,,,,14,4,02/05/2026
last_event_code_count_long > 10,819,John David HOSKYN,461267,366,PB 25:22,,,,,,23,4,02/05/2026
Super Regular,820,Sue JOHNSON,4890984,246,PB 38:40,,,,,T,38,4,02/05/2026
Super Tourist,821,Tina MUGGERIDGE,4737725,148,PB 44:48,1,T,T,T,,1,4,02/05/2026
1st First Timer (total_runs=1),822,Darius LOI,9180507,1,First Timer!,,F,,,,1,4,02/05/2026
Returner or Super Returner,823,Victor PITTS,6140839,45,PB 29:35,,F,T,T,,1,4,02/05/2026
last_event_code_count_long > 10,824,Helen SAWYERR,5836465,108,PB 42:42,,,,,,19,4,02/05/2026
last_event_code_count_long > 10,825,Christine ABBOTT,554115,369,PB 26:09,,,,,,20,4,02/05/2026
Rest,826,Diane BOSMAN,8665019,6,New PB!,,,,,,3,4,02/05/2026
1st First Timer (total_runs=1),827,Diane LOI,9180475,1,First Timer!,,F,,,,1,4,02/05/2026
Rest,828,Mun Mun LOI,12281953,2,PB 44:26,,,,,,2,4,02/05/2026
last_event_code_count_long > 10,829,Deborah BENSON,8204791,77,PB 32:10,,,,,,14,4,02/05/2026
Super Regular,830,Emma ROGERS,9618440,54,PB 33:06,,,,,T,37,4,02/05/2026
last_event_code_count_long > 10,831,Felicity LORRAINE,663196,194,PB 34:53,,,,,,28,4,02/05/2026
last_event_code_count_long > 10,832,Liz HIBBITT,9151960,65,PB 38:39,,,,,,16,4,02/05/2026
last_event_code_count_long > 10,833,Toni THOMAS,5764542,66,PB 39:31,,,,,,31,4,02/05/2026
last_event_code_count_long > 10,834,Dawn MOORE,7140754,101,PB 33:55,,,,,,22,4,02/05/2026
last_event_code_count_long > 10,835,Denis DIXON,549303,78,PB 26:08,,,,,,15,4,02/05/2026
First Timer! (comment),836,Natalie MIZEN,7067810,2,First Timer!,,F,,,,1,4,02/05/2026
Tourist,837,Jacki CLIFFORD,1250352,265,PB 40:02,,T,T,T,,1,4,02/05/2026
Returner or Super Returner,838,Ada ERONINI,1813399,115,PB 36:02,,F,T,,,8,4,02/05/2026
1st First Timer (total_runs=1),839,Kaiden SHAHAKBAR,12313725,1,First Timer!,,F,,,,1,4,02/05/2026
Rest,840,Brooke MARKEY,9757099,10,PB 41:00,,,,,,2,4,02/05/2026
last_event_code_count_long > 10,841,Kathleen BARRETT,645455,386,PB 38:09,,,,,,21,4,02/05/2026
Rest,842,Graham THOMAS,5938376,208,PB 23:12,,,,,,6,4,02/05/2026
Rest,843,Sonja VINER,3584167,25,PB 25:49,,,,,,10,4,02/05/2026
last_event_code_count_long > 10,844,Sarah BERRY,2785386,187,PB 23:52,,,,,,32,4,02/05/2026
last_event_code_count_long > 10,846,Jason KIRKPATRICK,8825417,56,PB 23:56,,,,,,24,4,02/05/2026
Returner or Super Returner,847,Julie MCHALE,475002,43,PB 26:55,,F,T,,,5,4,02/05/2026
1st First Timer (total_runs=1),848,Demi BRADSHAW,12313628,1,First Timer!,,F,,,,1,4,02/05/2026
last_event_code_count_long > 10,850,Holly HAYMAN,7112178,20,PB 35:39,,,,,,18,4,02/05/2026
last_event_code_count_long > 10,851,Clayton HAYMAN,1248120,68,PB 23:26,,,,,,13,4,02/05/2026
last_event_code_count_long > 10,852,George CHAMBERS,1949384,325,PB 20:51,,,,,,35,4,02/05/2026
last_event_code_count_long > 10,853,Florence MERRICK,10493555,26,PB 29:40,,,,,,17,4,02/05/2026
Super Regular,854,Clare HORGAN,867474,84,PB 34:39,,,,,T,34,4,02/05/2026
Super Regular,855,Charlotte CAMPION,3843069,174,PB 28:47,,,,,T,37,4,02/05/2026
Super Regular,856,Emma EARLY,11598937,17,PB 43:55,,,,,T,17,4,02/05/2026
Super Regular,859,Allan BARLEY,830629,392,PB 30:16,,,,,T,51,4,02/05/2026
Rest,860,Emma FARMBOROUGH,6517604,16,PB 47:12,,,,,,3,4,02/05/2026
Rest,861,Shelley REVELL,6054726,56,PB 38:03,,,,,,6,4,02/05/2026
Super Regular,862,Michael SWEENEY,4401504,209,PB 21:39,,,,,T,23,4,02/05/2026
Rest,864,Kirsten TRAIN WARD,6061702,57,PB 43:04,,,,,,4,4,02/05/2026
Rest,865,Megan BALDOCK,11328318,9,PB 51:22,,,,,,9,4,02/05/2026
Rest,866,Emily BEATTIE,12275090,2,New PB!,,,,,,2,4,02/05/2026
Super Regular,867,Holly FALLTRICK,6355004,51,PB 38:04,,,,,T,30,4,02/05/2026
last_event_code_count_long > 10,868,Lauren DARK,10409885,25,PB 42:37,,,,,,15,4,02/05/2026
last_event_code_count_long > 10,870,Sue TATTERSALL,1226697,355,PB 31:01,,,,,,27,4,02/05/2026
Super Regular,871,Warren GARDNER,5923467,219,PB 48:00,,,,,T,44,4,02/05/2026
Super Regular,872,Anne GARDNER,5923474,220,PB 47:59,,,,,T,44,4,02/05/2026
last_event_code_count_long > 10,873,Bernard CORBY,3815540,145,PB 35:05,,,,,,13,4,02/05/2026
last_event_code_count_long > 10,874,Beverley QUARTLY,6289072,79,PB 33:47,,,,,,18,4,02/05/2026
last_event_code_count_long > 10,875,Daniel QUARTLY,535207,312,PB 19:39,,,,,,12,4,02/05/2026
last_event_code_count_long > 10,876,William BREWSTER,6580410,165,PB 27:47,,,,,,35,4,02/05/2026
1st First Timer (total_runs=1),877,Jermaine OMOKOH,12319489,1,First Timer!,,F,,,,1,4,02/05/2026
Returner or Super Returner,878,Viviyana OMOKOH,11142742,2,New PB!,,F,T,,,2,4,02/05/2026
Returner or Super Returner,879,Peta LAGER,3550744,88,PB 35:03,,F,T,T,,1,4,02/05/2026
Returner or Super Returner,880,Jeremy LAGER,3549792,179,PB 23:50,,F,T,T,,1,4,02/05/2026
