Date,Role,Name,Code
30/08/2025,Run Director,Andrew FOX,A7565107
06/09/2025,Run Director,Ann CARDUS,A1731014
13/09/2025,Run Director,Steve DANBY,A528017
30/08/2025,Event Day Course Check,David SKIPP,A1738557
30/08/2025,Pre-event Setup,Lisa-Marie JOBSON,A3245297
30/08/2025,Pre-event Setup,Natalie WIDDOWS,A3383675
30/08/2025,First Timers Welcome,Emma DELEA,A2134011
30/08/2025,First Timers Welcome,Sarah GOODEY,A2647347
30/08/2025,Marshal (GM Corner),Roy HENDLEY,A3772629
30/08/2025,Marshal (1/4k),Helen TAYLOR,A970951
06/09/2025,Marshal (1/4k),Abigail GOWLAND,A2957874
30/08/2025,Marshal (Top of the hill),Jennifer SARLING,A1982479
06/09/2025,Marshal (Top of the hill),James MACNISH PORTER,A1313247
13/09/2025,Marshal (Top of the hill),Jeannette PAGE,A336259
30/08/2025,Marshal (The Gallops),Robert MCQUEEN,A4222637
30/08/2025,Marshal (Lincoln's Lane),Tim LEE,A10248074
30/08/2025,Marshal (Knob Hill Top),Andrew ASKEW,A8909498
30/08/2025,Marshal (Knob Hill Bottom),Elisabeth ASKEW,A8909609(u18)
30/08/2025,parkwalker,Laura STORM,A10119789
06/09/2025,parkwalker,Si ADAMS,A1773174
30/08/2025,Tail Walker,Phil MACHRAY,A1447690
30/08/2025,Tail Walker,Martha MACHRAY,A1447696
30/08/2025,Photographer,Tanya THERON,A2099780
30/08/2025,Timekeeper,Alan SINFIELD,A8285716
30/08/2025,Timekeeper,Lisa-Marie JOBSON,A3245297
30/08/2025,Finish Tokens,Dawn JAYCOCK,A4281686
30/08/2025,Barcode Scanning,Bradley TAYLOR,A7559343
30/08/2025,Barcode Scanning,Kirsty NASH,A2724501
30/08/2025,Volunteer Co-ordinator,Andrew FOX,A7565107
06/09/2025,Volunteer Co-ordinator,Andrew FOX,A7565107
09/08/2025,Run Director,Rob MCLEAN,A1671129
16/08/2025,Run Director,Phil HALES,A1580598
23/08/2025,Run Director,Marc CRADDOCK,A2535302
30/08/2025,Run Director,Andrew FOX,A7565107
06/09/2025,Run Director,Ann CARDUS,A1731014
13/09/2025,Run Director,Steve DANBY,A528017
09/08/2025,Event Day Course Check,Mike WARD,A1491976
16/08/2025,Event Day Course Check,David SKIPP,A1738557
23/08/2025,Event Day Course Check,Natalie WIDDOWS,A3383675
30/08/2025,Event Day Course Check,David SKIPP,A1738557
09/08/2025,Pre-event Setup,Mike WARD,A1491976
16/08/2025,Pre-event Setup,David SKIPP,A1738557
23/08/2025,Pre-event Setup,Natalie WIDDOWS,A3383675
30/08/2025,Pre-event Setup,Lisa-Marie JOBSON,A3245297
16/08/2025,Pre-event Setup,Anna WHITEHEAD,A4109386
23/08/2025,Pre-event Setup,Anna WHITEHEAD,A4109386
30/08/2025,Pre-event Setup,Natalie WIDDOWS,A3383675
16/08/2025,Pre-event Setup,Natalie WIDDOWS,A3383675
09/08/2025,First Timers Welcome,Ann CARDUS,A1731014
16/08/2025,First Timers Welcome,Ann CARDUS,A1731014
23/08/2025,First Timers Welcome,Ann CARDUS,A1731014
30/08/2025,First Timers Welcome,Emma DELEA,A2134011
30/08/2025,First Timers Welcome,Sarah GOODEY,A2647347
09/08/2025,Marshal (GM Corner),Daniel JAYCOCK,A4534758
16/08/2025,Marshal (GM Corner),Robert WEST,A5217991
23/08/2025,Marshal (GM Corner),Michael KAVANAGH,A1933006
30/08/2025,Marshal (GM Corner),Roy HENDLEY,A3772629
09/08/2025,Marshal (1/4k),Jeannette PAGE,A336259
16/08/2025,Marshal (1/4k),Kelly JAMES,A4040569
23/08/2025,Marshal (1/4k),John TAYLOR,A836853
30/08/2025,Marshal (1/4k),Helen TAYLOR,A970951
06/09/2025,Marshal (1/4k),Abigail GOWLAND,A2957874
16/08/2025,Marshal (1/4k),Lois HUSSAIN,A7802693(u18)
09/08/2025,Marshal (Top of the hill),Amanda Karen BURKE,A432945
16/08/2025,Marshal (Top of the hill),Tom BUNDY,A4220238
23/08/2025,Marshal (Top of the hill),Amanda Karen BURKE,A432945
30/08/2025,Marshal (Top of the hill),Jennifer SARLING,A1982479
06/09/2025,Marshal (Top of the hill),James MACNISH PORTER,A1313247
13/09/2025,Marshal (Top of the hill),Jeannette PAGE,A336259
09/08/2025,Marshal (Cow Field Gate),Keith THORNTON,A611254
23/08/2025,Marshal (Cow Field Gate),Harry CRADDOCK,A2552440(u18)
09/08/2025,Marshal (The Gallops),Jackie DODWELL,A1281644
16/08/2025,Marshal (The Gallops),Keith THORNTON,A611254
23/08/2025,Marshal (The Gallops),Jackie DODWELL,A1281644
30/08/2025,Marshal (The Gallops),Robert MCQUEEN,A4222637
09/08/2025,Marshal (Lincoln's Lane),James MACNISH PORTER,A1313247
16/08/2025,Marshal (Lincoln's Lane),Hayley ALDRIDGE,A10270526
23/08/2025,Marshal (Lincoln's Lane),Ann CARDUS,A1731014
30/08/2025,Marshal (Lincoln's Lane),Tim LEE,A10248074
09/08/2025,Marshal (Knob Hill Top),Emily YOUNG,A3166426
16/08/2025,Marshal (Knob Hill Top),Andrew PIGGOTT,A1956602
23/08/2025,Marshal (Knob Hill Top),Ian SUTCLIFFE,A2609504
30/08/2025,Marshal (Knob Hill Top),Andrew ASKEW,A8909498
09/08/2025,Marshal (Knob Hill Bottom),John BARKER,A158376
16/08/2025,Marshal (Knob Hill Bottom),Peter SKIPP,A11087641
23/08/2025,Marshal (Knob Hill Bottom),Peter BLACKLOCK,A1479175
30/08/2025,Marshal (Knob Hill Bottom),Elisabeth ASKEW,A8909609(u18)
09/08/2025,parkwalker,Liz BUNDY,A4326929
16/08/2025,parkwalker,Phil MACHRAY,A1447690
23/08/2025,parkwalker,Carol KEKANA,A9406764
30/08/2025,parkwalker,Laura STORM,A10119789
06/09/2025,parkwalker,Si ADAMS,A1773174
09/08/2025,parkwalker,Tom BUNDY,A4220238
16/08/2025,parkwalker,Martha MACHRAY,A1447696
23/08/2025,parkwalker,Magda COETZEE,A9990941
23/08/2025,parkwalker,Adrian LEBBY,A6641021
09/08/2025,Tail Walker,Jill THORNE,A2007761
16/08/2025,Tail Walker,Jill THORNE,A2007761
23/08/2025,Tail Walker,Erin ROBERTS,A9236206
30/08/2025,Tail Walker,Phil MACHRAY,A1447690
09/08/2025,Tail Walker,Sarah GOODEY,A2647347
16/08/2025,Tail Walker,Russell MAKIN,A378405
23/08/2025,Tail Walker,Zoe MUNDEN,A7360191
30/08/2025,Tail Walker,Martha MACHRAY,A1447696
16/08/2025,Photographer,Ioana B,A4746946
23/08/2025,Photographer,Andrew PIGGOTT,A1956602
30/08/2025,Photographer,Tanya THERON,A2099780
09/08/2025,Timekeeper,Ian SUTCLIFFE,A2609504
16/08/2025,Timekeeper,Peter BLACKLOCK,A1479175
23/08/2025,Timekeeper,Sally PIGGOTT,A1950809
30/08/2025,Timekeeper,Alan SINFIELD,A8285716
09/08/2025,Timekeeper,Peter BLACKLOCK,A1479175
16/08/2025,Timekeeper,Vashti GREEN,A1670146
23/08/2025,Timekeeper,Phil MACHRAY,A1447690
30/08/2025,Timekeeper,Lisa-Marie JOBSON,A3245297
09/08/2025,Finish Tokens,James DONCASTER,A1266257
16/08/2025,Finish Tokens,Louise TURNBULL,A8442069
23/08/2025,Finish Tokens,Indrani ACHER,A1484476
30/08/2025,Finish Tokens,Dawn JAYCOCK,A4281686
09/08/2025,Barcode Scanning,Stuart CROWTHER,A2911203
16/08/2025,Barcode Scanning,Marc CRADDOCK,A2535302
23/08/2025,Barcode Scanning,Andrew FOX,A7565107
30/08/2025,Barcode Scanning,Bradley TAYLOR,A7559343
09/08/2025,Barcode Scanning,Dawn JAYCOCK,A4281686
16/08/2025,Barcode Scanning,Harry CRADDOCK,A2552440(u18)
23/08/2025,Barcode Scanning,Natalie WIDDOWS,A3383675
30/08/2025,Barcode Scanning,Kirsty NASH,A2724501
09/08/2025,Post-event Close Down,Lisa-Marie JOBSON,A3245297
16/08/2025,Post-event Close Down,Marc DELEA,A2125975
23/08/2025,Post-event Close Down,David SKIPP,A1738557
09/08/2025,Post-event Close Down,Steve DANBY,A528017
16/08/2025,Post-event Close Down,Emma DELEA,A2134011
23/08/2025,Post-event Close Down,Ian SUTCLIFFE,A2609504
23/08/2025,Post-event Close Down,Lisa-Marie JOBSON,A3245297
09/08/2025,Volunteer Co-ordinator,Andrew FOX,A7565107
16/08/2025,Volunteer Co-ordinator,Andrew FOX,A7565107
23/08/2025,Volunteer Co-ordinator,Andrew FOX,A7565107
30/08/2025,Volunteer Co-ordinator,Andrew FOX,A7565107
06/09/2025,Volunteer Co-ordinator,Andrew FOX,A7565107
09/08/2025,Token Sorting,Sally PIGGOTT,A1950809
16/08/2025,Token Sorting,Marlie BLUME,A1932672
23/08/2025,Token Sorting,Richard ROKOSZYNSKI,A1828288
09/08/2025,Token Sorting,Andrew PIGGOTT,A1956602
09/08/2025,Finish Token Support,Sam CAREY,A6548156
28/06/2025,Run Director,Steve DANBY,A528017
05/07/2025,Run Director,Andrew FOX,A7565107
12/07/2025,Run Director,Stephen SMITH,A1768181
19/07/2025,Run Director,Ann CARDUS,A1731014
26/07/2025,Run Director,Mike WARD,A1491976
02/08/2025,Run Director,Richard ROKOSZYNSKI,A1828288
28/06/2025,Event Day Course Check,Marc CRADDOCK,A2535302
05/07/2025,Event Day Course Check,Marc CRADDOCK,A2535302
12/07/2025,Event Day Course Check,Ethan SKIPP,A1524585
19/07/2025,Event Day Course Check,David SKIPP,A1738557
26/07/2025,Event Day Course Check,Anna WHITEHEAD,A4109386
02/08/2025,Event Day Course Check,Anna WHITEHEAD,A4109386
28/06/2025,Pre-event Setup,Marc CRADDOCK,A2535302
05/07/2025,Pre-event Setup,Marc CRADDOCK,A2535302
12/07/2025,Pre-event Setup,Ethan SKIPP,A1524585
19/07/2025,Pre-event Setup,David SKIPP,A1738557
26/07/2025,Pre-event Setup,Anna WHITEHEAD,A4109386
02/08/2025,Pre-event Setup,Anna WHITEHEAD,A4109386
28/06/2025,Pre-event Setup,Gergana DANBY,A528020
05/07/2025,Pre-event Setup,Bradley TAYLOR,A7559343
12/07/2025,Pre-event Setup,David SKIPP,A1738557
19/07/2025,Pre-event Setup,Mike WARD,A1491976
26/07/2025,Pre-event Setup,Andrew FOX,A7565107
02/08/2025,Pre-event Setup,Natalie WIDDOWS,A3383675
26/07/2025,Pre-event Setup,Natalie WIDDOWS,A3383675
28/06/2025,First Timers Welcome,Jamie LEWIS,A10608279(u18)
05/07/2025,First Timers Welcome,Ann CARDUS,A1731014
12/07/2025,First Timers Welcome,Ann CARDUS,A1731014
19/07/2025,First Timers Welcome,Andrew FOX,A7565107
26/07/2025,First Timers Welcome,Andrew FOX,A7565107
02/08/2025,First Timers Welcome,Emma DELEA,A2134011
28/06/2025,First Timers Welcome,Ann CARDUS,A1731014
28/06/2025,Marshal (GM Corner),Si ADAMS,A1773174
05/07/2025,Marshal (GM Corner),Robert MCQUEEN,A4222637
12/07/2025,Marshal (GM Corner),Katerina COOPER,A1320563
26/07/2025,Marshal (GM Corner),Gill SAUNDERS,A1279829
28/06/2025,Marshal (1/4k),Ian SUTCLIFFE,A2609504
05/07/2025,Marshal (1/4k),Daisy MESS,A1611166
12/07/2025,Marshal (1/4k),Louise BALLARD,A2297269
19/07/2025,Marshal (1/4k),Keith THORNTON,A611254
26/07/2025,Marshal (1/4k),Marc CRADDOCK,A2535302
02/08/2025,Marshal (1/4k),Jeannette PAGE,A336259
28/06/2025,Marshal (Top of the hill),Mark COOPER,A1809267
05/07/2025,Marshal (Top of the hill),Deborah KNIGHTBRIDGE,A1468842
12/07/2025,Marshal (Top of the hill),Aidan KERR,A2808102
19/07/2025,Marshal (Top of the hill),Pete ACHER,A1483029
26/07/2025,Marshal (Top of the hill),Jill THORNE,A2007761
02/08/2025,Marshal (Top of the hill),Marc CRADDOCK,A2535302
28/06/2025,Marshal (Cow Field Gate),Gill SAUNDERS,A1279829
05/07/2025,Marshal (Cow Field Gate),Andrew PIGGOTT,A1956602
12/07/2025,Marshal (Cow Field Gate),Robert MCQUEEN,A4222637
02/08/2025,Marshal (Cow Field Gate),Harry CRADDOCK,A2552440(u18)
28/06/2025,Marshal (The Gallops),James MACNISH PORTER,A1313247
05/07/2025,Marshal (The Gallops),Sally PIGGOTT,A1950809
12/07/2025,Marshal (The Gallops),Keith THORNTON,A611254
19/07/2025,Marshal (The Gallops),Jackie DODWELL,A1281644
26/07/2025,Marshal (The Gallops),Harry CRADDOCK,A2552440(u18)
02/08/2025,Marshal (The Gallops),Michelle COOPER,A1145014
28/06/2025,Marshal (Lincoln's Lane),Dean ADAMS,A1310766
05/07/2025,Marshal (Lincoln's Lane),Dawn JAYCOCK,A4281686
12/07/2025,Marshal (Lincoln's Lane),John TAYLOR,A836853
19/07/2025,Marshal (Lincoln's Lane),Tom BUNDY,A4220238
26/07/2025,Marshal (Lincoln's Lane),Hayley ALDRIDGE,A10270526
02/08/2025,Marshal (Lincoln's Lane),John CHAPPLE,A1956004
28/06/2025,Marshal (Knob Hill Top),Robert MCQUEEN,A4222637
05/07/2025,Marshal (Knob Hill Top),Andrew ASKEW,A8909498
12/07/2025,Marshal (Knob Hill Top),Hayley ALDRIDGE,A10270526
19/07/2025,Marshal (Knob Hill Top),Hayley ALDRIDGE,A10270526
26/07/2025,Marshal (Knob Hill Top),Nicola GUNN,A6187295
02/08/2025,Marshal (Knob Hill Top),Daisy MESS,A1611166
28/06/2025,Marshal (Knob Hill Bottom),Gregory WHITTAKER,A7342955
05/07/2025,Marshal (Knob Hill Bottom),Elisabeth ASKEW,A8909609(u18)
12/07/2025,Marshal (Knob Hill Bottom),Sarah ROUTLEDGE,A7133728
26/07/2025,Marshal (Knob Hill Bottom),Keith THORNTON,A611254
02/08/2025,Marshal (Knob Hill Bottom),Richard DUFFIELD,A4442740
28/06/2025,Marshal,Michael KAVANAGH,A1933006
05/07/2025,Marshal,Patrick BARRY,A5900733
05/07/2025,Marshal,Tim LEE,A10248074
28/06/2025,parkwalker,Helen TAYLOR,A970951
05/07/2025,parkwalker,Sarah GOODEY,A2647347
12/07/2025,parkwalker,Susan BANNOCKS,A197862
19/07/2025,parkwalker,Megan ROBINSON,A9883052
26/07/2025,parkwalker,Frances MARTIN,A3423852
02/08/2025,parkwalker,Rosie MAWDSLEY,A391586
05/07/2025,parkwalker,Ann CARDUS,A1731014
12/07/2025,parkwalker,Helen TAYLOR,A970951
19/07/2025,parkwalker,Jason HUGHES,A1661539
02/08/2025,parkwalker,Roy JOHNSTONE,A592961
02/08/2025,parkwalker,Megan ROBINSON,A9883052
28/06/2025,Tail Walker,Phil MACHRAY,A1447690
05/07/2025,Tail Walker,Annie PLUMB,A3556116
12/07/2025,Tail Walker,Tracey RUSZ,A3694477
19/07/2025,Tail Walker,Zoe MUNDEN,A7360191
26/07/2025,Tail Walker,Richard ROKOSZYNSKI,A1828288
02/08/2025,Tail Walker,Gill SAUNDERS,A1279829
28/06/2025,Tail Walker,Martha MACHRAY,A1447696
05/07/2025,Tail Walker,David SKIPP,A1738557
12/07/2025,Tail Walker,Karen HOLLAND,A2924659
19/07/2025,Tail Walker,Paul ROBINSON,A9880898
26/07/2025,Tail Walker,Helen WHITE,A8910796
02/08/2025,Tail Walker,Mina MCPHEE,A503629
28/06/2025,Photographer,Tanya THERON,A2099780
05/07/2025,Photographer,Hannah CARDUS,A2750540
12/07/2025,Photographer,Tim LEE,A10248074
19/07/2025,Photographer,Tanya THERON,A2099780
26/07/2025,Photographer,Tanya THERON,A2099780
02/08/2025,Photographer,Kay BHOGAL,A11224699(u18)
28/06/2025,Timekeeper,Hannah CARDUS,A2750540
05/07/2025,Timekeeper,Kirsty NASH,A2724501
12/07/2025,Timekeeper,Marc CRADDOCK,A2535302
19/07/2025,Timekeeper,Ian SUTCLIFFE,A2609504
26/07/2025,Timekeeper,Peter BLACKLOCK,A1479175
02/08/2025,Timekeeper,Ian SUTCLIFFE,A2609504
28/06/2025,Timekeeper,Marc CRADDOCK,A2535302
05/07/2025,Timekeeper,Marc CRADDOCK,A2535302
12/07/2025,Timekeeper,Gary SHERIN,A2581037
19/07/2025,Timekeeper,Gergana DANBY,A528020
26/07/2025,Timekeeper,James MACNISH PORTER,A1313247
02/08/2025,Timekeeper,Peter BLACKLOCK,A1479175
28/06/2025,Finish Tokens,Barney JAYCOCK,A4305819(u18)
05/07/2025,Finish Tokens,Barney JAYCOCK,A4305819(u18)
12/07/2025,Finish Tokens,Tom BUNDY,A4220238
19/07/2025,Finish Tokens,Hannah CARDUS,A2750540
26/07/2025,Finish Tokens,James DONCASTER,A1266257
02/08/2025,Finish Tokens,James MACNISH PORTER,A1313247
28/06/2025,Barcode Scanning,Jamie LEWIS,A10608279(u18)
05/07/2025,Barcode Scanning,Bradley TAYLOR,A7559343
12/07/2025,Barcode Scanning,Katie CUSCHIERI,A2314789(u18)
19/07/2025,Barcode Scanning,Kirsty NASH,A2724501
26/07/2025,Barcode Scanning,Kirsty NASH,A2724501
02/08/2025,Barcode Scanning,Sally PIGGOTT,A1950809
28/06/2025,Barcode Scanning,Dawn JAYCOCK,A4281686
05/07/2025,Barcode Scanning,Simon KNIGHTBRIDGE,A784107
12/07/2025,Barcode Scanning,Gina BIANCHI,A587907
19/07/2025,Barcode Scanning,Marc CRADDOCK,A2535302
26/07/2025,Barcode Scanning,Drew MARTIN,A8656008
02/08/2025,Barcode Scanning,Sarah GOODEY,A2647347
28/06/2025,Barcode Scanning,Matthew BROOKS,A747807
28/06/2025,Barcode Scanning,Andrew FOX,A7565107
28/06/2025,Post-event Close Down,Helen WHITE,A8910796
05/07/2025,Post-event Close Down,Stephen SMITH,A1768181
12/07/2025,Post-event Close Down,Sarah GOODEY,A2647347
19/07/2025,Post-event Close Down,Marc CRADDOCK,A2535302
26/07/2025,Post-event Close Down,Matthew WHITE,A8903785(u18)
02/08/2025,Post-event Close Down,Lisa-Marie JOBSON,A3245297
28/06/2025,Post-event Close Down,Marcus WHITE,A8935376(u18)
05/07/2025,Post-event Close Down,Marcus WHITE,A8935376(u18)
12/07/2025,Post-event Close Down,Darren GOODEY,A2647339
19/07/2025,Post-event Close Down,Steve DANBY,A528017
26/07/2025,Post-event Close Down,Helen WHITE,A8910796
02/08/2025,Post-event Close Down,Andrew JOBSON,A4893680
05/07/2025,Post-event Close Down,Helen WHITE,A8910796
28/06/2025,Volunteer Co-ordinator,Andrew FOX,A7565107
05/07/2025,Volunteer Co-ordinator,Andrew FOX,A7565107
12/07/2025,Volunteer Co-ordinator,Andrew FOX,A7565107
19/07/2025,Volunteer Co-ordinator,Andrew FOX,A7565107
26/07/2025,Volunteer Co-ordinator,Andrew FOX,A7565107
02/08/2025,Volunteer Co-ordinator,Andrew FOX,A7565107
26/07/2025,Token Sorting,Hannah WARD,A10466063
02/08/2025,Token Sorting,Indrani ACHER,A1484476
02/08/2025,Token Sorting,Pete ACHER,A1483029
02/08/2025,Token Sorting,Tanya THERON,A2099780
05/07/2025,Finish Token Support,Louise TURNBULL,A8442069
12/07/2025,Finish Token Support,Liz BUNDY,A4326929
19/07/2025,Finish Token Support,Sally PIGGOTT,A1950809
12/07/2025,Finish Token Support,Dawn JAYCOCK,A4281686
19/07/2025,Finish Token Support,Andrew PIGGOTT,A1956602
12/07/2025,Finish Token Support,Louise TURNBULL,A8442069
17/05/2025CANCELLED,Run Director,Stephen SMITH,A1768181
24/05/2025,Run Director,Mike WARD,A1491976
31/05/2025,Run Director,Richard ROKOSZYNSKI,A1828288
07/06/2025,Run Director,Rob MCLEAN,A1671129
14/06/2025,Run Director,Stephen SMITH,A1768181
21/06/2025,Run Director,Marc CRADDOCK,A2535302
24/05/2025,Event Day Course Check,Marc CRADDOCK,A2535302
31/05/2025,Event Day Course Check,Marc CRADDOCK,A2535302
07/06/2025,Event Day Course Check,Richard ROKOSZYNSKI,A1828288
14/06/2025,Event Day Course Check,Scott REEVE,A2663924
21/06/2025,Event Day Course Check,Scott REEVE,A2663924
24/05/2025,Pre-event Setup,Andrew FOX,A7565107
31/05/2025,Pre-event Setup,Marc CRADDOCK,A2535302
07/06/2025,Pre-event Setup,Anna WHITEHEAD,A4109386
14/06/2025,Pre-event Setup,Scott REEVE,A2663924
21/06/2025,Pre-event Setup,Scott REEVE,A2663924
24/05/2025,Pre-event Setup,Marc CRADDOCK,A2535302
31/05/2025,Pre-event Setup,Anna WHITEHEAD,A4109386
07/06/2025,Pre-event Setup,Richard ROKOSZYNSKI,A1828288
14/06/2025,Pre-event Setup,Anna WHITEHEAD,A4109386
21/06/2025,Pre-event Setup,David SKIPP,A1738557
24/05/2025,First Timers Welcome,Ann CARDUS,A1731014
31/05/2025,First Timers Welcome,Sarah GOODEY,A2647347
07/06/2025,First Timers Welcome,Sarah GOODEY,A2647347
14/06/2025,First Timers Welcome,Ann CARDUS,A1731014
21/06/2025,First Timers Welcome,Andrew FOX,A7565107
14/06/2025,Marshal (GM Corner),Michael KAVANAGH,A1933006
21/06/2025,Marshal (GM Corner),Jennifer SARLING,A1982479
31/05/2025,Marshal (1/4k),Paul BAILEY,A1448503
07/06/2025,Marshal (1/4k),Peter BLACKLOCK,A1479175
14/06/2025,Marshal (1/4k),Jocelyn CORNISH,A9553568
21/06/2025,Marshal (1/4k),Mary LLOYD,A1312287
31/05/2025,Marshal (1/4k),Sophie BAILEY,A3532673(u18)
24/05/2025,Marshal (Top of the hill),Jackie DODWELL,A1281644
31/05/2025,Marshal (Top of the hill),Gill SAUNDERS,A1279829
07/06/2025,Marshal (Top of the hill),Andrew BARTON,A5724378
14/06/2025,Marshal (Top of the hill),Amanda Karen BURKE,A432945
21/06/2025,Marshal (Top of the hill),Tim LEE,A10248074
24/05/2025,Marshal (Cow Field Gate),Steve BIRKETT,A11005070
31/05/2025,Marshal (Cow Field Gate),Dave O'CARROLL,A1351937
21/06/2025,Marshal (Cow Field Gate),Marcus WHITE,A8935376(u18)
24/05/2025,Marshal (The Gallops),Tim LEE,A10248074
31/05/2025,Marshal (The Gallops),Virginija JANAVICIUS,A1318857
07/06/2025,Marshal (The Gallops),Jackie DODWELL,A1281644
14/06/2025,Marshal (The Gallops),Jackie DODWELL,A1281644
21/06/2025,Marshal (The Gallops),Helen WHITE,A8910796
24/05/2025,Marshal (Lincoln's Lane),Andrew BARTON,A5724378
31/05/2025,Marshal (Lincoln's Lane),Sally PIGGOTT,A1950809
07/06/2025,Marshal (Lincoln's Lane),Tim LEE,A10248074
14/06/2025,Marshal (Lincoln's Lane),Andrew SQUIRE,A7604086
21/06/2025,Marshal (Lincoln's Lane),David MACKAY,A1547369
24/05/2025,Marshal (Knob Hill Top),Paul BAILEY,A1448503
31/05/2025,Marshal (Knob Hill Top),Andrew PIGGOTT,A1956602
07/06/2025,Marshal (Knob Hill Top),Andrew FOX,A7565107
14/06/2025,Marshal (Knob Hill Top),Oliver ROWE,A1387947
21/06/2025,Marshal (Knob Hill Top),Melissa ASKEW,A8909547
24/05/2025,Marshal (Knob Hill Bottom),Michael KAVANAGH,A1933006
31/05/2025,Marshal (Knob Hill Bottom),Amy NAWA,A10743057
07/06/2025,Marshal (Knob Hill Bottom),Chris WHITE,A10355615
14/06/2025,Marshal (Knob Hill Bottom),Jill BROOKS,A10788071
21/06/2025,Marshal (Knob Hill Bottom),Elisabeth ASKEW,A8909609(u18)
31/05/2025,Marshal,Maisie MARTIN,A7967034(u18)
14/06/2025,Marshal,Rory BROOKS,A10787985(u18)
21/06/2025,Marshal,Matthew WHITE,A8903785(u18)
14/06/2025,Marshal,Fraser BROOKS,A10788032(u18)
21/06/2025,Marshal,Benjamin ASKEW,A8909598(u18)
21/06/2025,Marshal,Chris RICE,A10597640
21/06/2025,Marshal,Nicholle KINGSLEY,A4646094
24/05/2025,parkwalker,Liz BUNDY,A4326929
31/05/2025,parkwalker,Elisabeth TULLETT,A2735699
07/06/2025,parkwalker,Emma DELEA,A2134011
14/06/2025,parkwalker,Emma DELEA,A2134011
21/06/2025,parkwalker,Liz BUNDY,A4326929
24/05/2025,parkwalker,Susan BANNOCKS,A197862
31/05/2025,parkwalker,Megan ROBINSON,A9883052
07/06/2025,parkwalker,Helen TAYLOR,A970951
14/06/2025,parkwalker,Helen TAYLOR,A970951
21/06/2025,parkwalker,Virginija JANAVICIUS,A1318857
24/05/2025,Tail Walker,Andrew FOX,A7565107
31/05/2025,Tail Walker,Emma DELEA,A2134011
07/06/2025,Tail Walker,Phil MACHRAY,A1447690
14/06/2025,Tail Walker,Ann CARDUS,A1731014
21/06/2025,Tail Walker,Tara WARREN,A1638572
24/05/2025,Tail Walker,Veda GURNETT,A7288613
31/05/2025,Tail Walker,Jenny MARTIN,A1624673
07/06/2025,Tail Walker,Martha MACHRAY,A1447696
14/06/2025,Tail Walker,Sarah SKIPP,A10858416
31/05/2025,Photographer,Andrew PIGGOTT,A1956602
07/06/2025,Photographer,Peter BLACKLOCK,A1479175
14/06/2025,Photographer,Peter SKIPP,A11087641
21/06/2025,Photographer,Hannah CARDUS,A2750540
24/05/2025,Timekeeper,Stuart CROWTHER,A2911203
31/05/2025,Timekeeper,Marc CRADDOCK,A2535302
07/06/2025,Timekeeper,Marc CRADDOCK,A2535302
14/06/2025,Timekeeper,Ian SUTCLIFFE,A2609504
21/06/2025,Timekeeper,Peter BLACKLOCK,A1479175
24/05/2025,Timekeeper,John CHAPPLE,A1956004
31/05/2025,Timekeeper,Ian SUTCLIFFE,A2609504
07/06/2025,Timekeeper,Harry CRADDOCK,A2552440(u18)
14/06/2025,Timekeeper,Lisa-Marie JOBSON,A3245297
21/06/2025,Timekeeper,Sally PIGGOTT,A1950809
24/05/2025,Finish Tokens,Natalie WIDDOWS,A3383675
31/05/2025,Finish Tokens,Katie CUSCHIERI,A2314789(u18)
07/06/2025,Finish Tokens,Ian SUTCLIFFE,A2609504
14/06/2025,Finish Tokens,James DONCASTER,A1266257
21/06/2025,Finish Tokens,Dawn JAYCOCK,A4281686
24/05/2025,Barcode Scanning,Marc CRADDOCK,A2535302
31/05/2025,Barcode Scanning,Pete ACHER,A1483029
07/06/2025,Barcode Scanning,Katie CUSCHIERI,A2314789(u18)
14/06/2025,Barcode Scanning,Dawn JAYCOCK,A4281686
21/06/2025,Barcode Scanning,Mina MCPHEE,A503629
24/05/2025,Barcode Scanning,Harry CRADDOCK,A2552440(u18)
31/05/2025,Barcode Scanning,Indrani ACHER,A1484476
07/06/2025,Barcode Scanning,Dawn JAYCOCK,A4281686
14/06/2025,Barcode Scanning,Alex YOUNG,A1729002
21/06/2025,Barcode Scanning,Sally JOHNSON,A7467441
24/05/2025,Barcode Scanning,Steve DANBY,A528017
31/05/2025,Barcode Scanning,Dawn JAYCOCK,A4281686
14/06/2025,Barcode Scanning,Alex YOUNG,A9072506
21/06/2025,Barcode Scanning,Barney JAYCOCK,A4305819(u18)
24/05/2025,Post-event Close Down,Darren GOODEY,A2647339
31/05/2025,Post-event Close Down,David SKIPP,A1738557
07/06/2025,Post-event Close Down,Melissa ASKEW,A8909547
14/06/2025,Post-event Close Down,David SKIPP,A1738557
21/06/2025,Post-event Close Down,Stephen SMITH,A1768181
24/05/2025,Post-event Close Down,Sarah GOODEY,A2647347
31/05/2025,Post-event Close Down,Stephen SMITH,A1768181
07/06/2025,Post-event Close Down,Elisabeth ASKEW,A8909609(u18)
14/06/2025,Post-event Close Down,Lisa-Marie JOBSON,A3245297
07/06/2025,Post-event Close Down,Marcus WHITE,A8935376(u18)
07/06/2025,Post-event Close Down,Helen WHITE,A8910796
24/05/2025,Volunteer Co-ordinator,Gergana DANBY,A528020
31/05/2025,Volunteer Co-ordinator,Andrew FOX,A7565107
07/06/2025,Volunteer Co-ordinator,Andrew FOX,A7565107
14/06/2025,Volunteer Co-ordinator,Andrew FOX,A7565107
21/06/2025,Volunteer Co-ordinator,Andrew FOX,A7565107
24/05/2025,Token Sorting,Matthew WHITE,A8903785(u18)
31/05/2025,Token Sorting,Gergana DANBY,A528020
07/06/2025,Token Sorting,Lisa-Marie JOBSON,A3245297
21/06/2025,Token Sorting,Jill THORNE,A2007761
24/05/2025,Token Sorting,Helen WHITE,A8910796
07/06/2025,Token Sorting,Sally PIGGOTT,A1950809
07/06/2025,Token Sorting,Andrew PIGGOTT,A1956602
07/06/2025,Other,Stephen SMITH,A1505469
24/05/2025,Pacer (5k only) (24min),Aidan KERR,A2808102
24/05/2025,Pacer (5k only) (26min),Andrew LEONARD,A5118909
24/05/2025,Pacer (5k only) (20min),Steve HOLDER,A663220
24/05/2025,Pacer (5k only) (34min),Stu BAILEY,A7062935
24/05/2025,Pacer (5k only) (32min),Brian HARDING,A10969214
24/05/2025,Pacer (5k only) (30min),James MACNISH PORTER,A1313247
24/05/2025,Pacer (5k only) (28min),Amy PHYTHIAN,A4548989
24/05/2025,Pacer (5k only) (36min),Frances MARTIN,A3423852
24/05/2025,Pacer (5k only) (23min),Elliot WORTH,A541528
24/05/2025,Pacer (5k only) (50min),Tina LEUNG,A280693
24/05/2025,Pacer (5k only) (27min),Bradley OATES,A9360546
24/05/2025,Pacer (5k only) (40min),Ann CARDUS,A1731014
24/05/2025,Pacer (5k only) (25min),Steve DANBY,A528017
24/05/2025,Pacer (5k only) (38min),Lisa-Marie JOBSON,A3245297
05/04/2025,Run Director,Andrew FOX,A7565107
12/04/2025,Run Director,Phil HALES,A1580598
19/04/2025,Run Director,Marc CRADDOCK,A2535302
26/04/2025,Run Director,Ann CARDUS,A1731014
03/05/2025,Run Director,Andrew FOX,A7565107
10/05/2025,Run Director,Steve DANBY,A528017
05/04/2025,Run Director,Lisa-Marie JOBSON,A3245297
05/04/2025,Event Day Course Check,Marc CRADDOCK,A2535302
12/04/2025,Event Day Course Check,David SKIPP,A1738557
19/04/2025,Event Day Course Check,Andrew FOX,A7565107
26/04/2025,Event Day Course Check,Scott REEVE,A2663924
03/05/2025,Event Day Course Check,David SKIPP,A1738557
10/05/2025,Event Day Course Check,Steve DANBY,A528017
05/04/2025,Pre-event Setup,Marc CRADDOCK,A2535302
12/04/2025,Pre-event Setup,Dave O'CARROLL,A1351937
19/04/2025,Pre-event Setup,Andrew FOX,A7565107
26/04/2025,Pre-event Setup,Scott REEVE,A2663924
03/05/2025,Pre-event Setup,David SKIPP,A1738557
10/05/2025,Pre-event Setup,Gergana DANBY,A528020
12/04/2025,Pre-event Setup,David SKIPP,A1738557
19/04/2025,Pre-event Setup,Bradley TAYLOR,A7559343
26/04/2025,Pre-event Setup,Dean ADAMS,A1310766
03/05/2025,Pre-event Setup,Zoe MUNDEN,A7360191
10/05/2025,Pre-event Setup,Neil HOLLAND,A2202912
03/05/2025,Pre-event Setup,Phil HALES,A1580598
05/04/2025,First Timers Welcome,Ann CARDUS,A1731014
12/04/2025,First Timers Welcome,Sarah GOODEY,A2647347
19/04/2025,First Timers Welcome,Sarah GOODEY,A2647347
26/04/2025,First Timers Welcome,Andrew FOX,A7565107
03/05/2025,First Timers Welcome,Sarah GOODEY,A2647347
10/05/2025,First Timers Welcome,Ann CARDUS,A1731014
05/04/2025,Marshal (Top of the hill),C WARD,A7497168
12/04/2025,Marshal (Top of the hill),Veda GURNETT,A7288613
19/04/2025,Marshal (Top of the hill),Jackie DODWELL,A1281644
26/04/2025,Marshal (Top of the hill),Amanda Karen BURKE,A432945
03/05/2025,Marshal (Top of the hill),Bradley TAYLOR,A7559343
10/05/2025,Marshal (Top of the hill),Harry CRADDOCK,A2552440(u18)
05/04/2025,Marshal (Goldfingers out),Jenny MARTIN,A1624673
12/04/2025,Marshal (Goldfingers out),Dave O'CARROLL,A1351937
19/04/2025,Marshal (Goldfingers out),Jenny MARTIN,A1624673
26/04/2025,Marshal (Goldfingers out),David GILES,A1226660
03/05/2025,Marshal (Goldfingers out),Deborah MCLEAN,A1671161
10/05/2025,Marshal (Goldfingers out),Kathy MASON,A5681228
05/04/2025,Marshal (Goldfingers return),Maisie MARTIN,A7967034(u18)
12/04/2025,Marshal (Goldfingers return),Ken BENCH,A4753446
19/04/2025,Marshal (Goldfingers return),Maisie MARTIN,A7967034(u18)
26/04/2025,Marshal (Goldfingers return),Jill THORNE,A2007761
03/05/2025,Marshal (Goldfingers return),Rob MCLEAN,A1671129
10/05/2025,Marshal (Goldfingers return),Veda GURNETT,A7288613
05/04/2025,Marshal (Turnaround),Romy CHINERY,A9902257
12/04/2025,Marshal (Turnaround),Gill SAUNDERS,A1279829
19/04/2025,Marshal (Turnaround),Harry CRADDOCK,A2552440(u18)
26/04/2025,Marshal (Turnaround),Harry CRADDOCK,A2552440(u18)
03/05/2025,Marshal (Turnaround),Charlotte LIDDELL,A3980634
10/05/2025,Marshal (Turnaround),Hannah CARDUS,A2750540
05/04/2025,Marshal (Crossroads/dog leg),Mark PHILLIPS,A8928875
12/04/2025,Marshal (Crossroads/dog leg),Jackie DODWELL,A1281644
19/04/2025,Marshal (Crossroads/dog leg),Tim LEE,A10248074
26/04/2025,Marshal (Crossroads/dog leg),Jackie DODWELL,A1281644
03/05/2025,Marshal (Crossroads/dog leg),Andrew TURK,A4301919
10/05/2025,Marshal (Crossroads/dog leg),Kathryn FRANKS,A8695072
05/04/2025,Marshal,Lily CHINERY,A8928859(u18)
19/04/2025,Marshal,Lily CHINERY,A8928859(u18)
26/04/2025,Marshal,Aidan KERR,A2808102
19/04/2025,Marshal,Michael KAVANAGH,A1933006
05/04/2025,Marshal (Pine Tree Corner),Aidan KERR,A2808102
12/04/2025,Marshal (Pine Tree Corner),Virginija JANAVICIUS,A1318857
19/04/2025,Marshal (Pine Tree Corner),Romy CHINERY,A9902257
26/04/2025,Marshal (Pine Tree Corner),Paul BAILEY,A1448503
03/05/2025,Marshal (Pine Tree Corner),Michael KAVANAGH,A1933006
10/05/2025,Marshal (Pine Tree Corner),Michael KAVANAGH,A1933006
12/04/2025,Marshal (Bottom of the hill),Oliver ROWE,A1387947
19/04/2025,Marshal (Bottom of the hill),Peter BLACKLOCK,A1479175
26/04/2025,Marshal (Bottom of the hill),Patrick COLEMAN,A3336678
05/04/2025,parkwalker,Liz BUNDY,A4326929
12/04/2025,parkwalker,Emma DELEA,A2134011
19/04/2025,parkwalker,Liz BUNDY,A4326929
26/04/2025,parkwalker,Megan ROBINSON,A9883052
03/05/2025,parkwalker,Ann CARDUS,A1731014
10/05/2025,parkwalker,Andrew FOX,A7565107
12/04/2025,parkwalker,Chris HUDSON,A155270
26/04/2025,parkwalker,David SKIPP,A1738557
03/05/2025,parkwalker,Jenny MARTIN,A1624673
10/05/2025,parkwalker,Emma DELEA,A2134011
03/05/2025,parkwalker,Sarah SKIPP,A10858416
05/04/2025,Tail Walker,Ann CARDUS,A1731014
12/04/2025,Tail Walker,Phil MACHRAY,A1447690
19/04/2025,Tail Walker,Phil MACHRAY,A1447690
26/04/2025,Tail Walker,Phil MACHRAY,A1447690
03/05/2025,Tail Walker,Phil MACHRAY,A1447690
10/05/2025,Tail Walker,Zoe MUNDEN,A7360191
12/04/2025,Tail Walker,Martha MACHRAY,A1447696
19/04/2025,Tail Walker,Martha MACHRAY,A1447696
26/04/2025,Tail Walker,Martha MACHRAY,A1447696
12/04/2025,Photographer,Lisa CHRISTIE,A1927925
19/04/2025,Photographer,Michael KAVANAGH,A1933006
26/04/2025,Photographer,Tanya THERON,A2099780
03/05/2025,Photographer,Bradley TAYLOR,A7559343
10/05/2025,Photographer,Robert COLE,A10924941
05/04/2025,Timekeeper,Kirsty NASH,A2724501
12/04/2025,Timekeeper,Vashti GREEN,A1670146
19/04/2025,Timekeeper,James MACNISH PORTER,A1313247
26/04/2025,Timekeeper,Ian SUTCLIFFE,A2609504
03/05/2025,Timekeeper,Marc CRADDOCK,A2535302
10/05/2025,Timekeeper,Gergana DANBY,A528020
05/04/2025,Timekeeper,Ian SUTCLIFFE,A2609504
12/04/2025,Timekeeper,Ted HALES GREEN,A3624033(u18)
19/04/2025,Timekeeper,Gergana DANBY,A528020
26/04/2025,Timekeeper,Hannah CARDUS,A2750540
03/05/2025,Timekeeper,Ian SUTCLIFFE,A2609504
10/05/2025,Timekeeper,Marc CRADDOCK,A2535302
05/04/2025,Finish Tokens,Gina BIANCHI,A587907
12/04/2025,Finish Tokens,Katie CUSCHIERI,A2314789(u18)
19/04/2025,Finish Tokens,Veda GURNETT,A7288613
26/04/2025,Finish Tokens,Katie CUSCHIERI,A2314789(u18)
03/05/2025,Finish Tokens,Stuart CROWTHER,A2911203
10/05/2025,Finish Tokens,Neil HOLLAND,A2202912
05/04/2025,Barcode Scanning,Marc CRADDOCK,A2535302
12/04/2025,Barcode Scanning,Jenny MARTIN,A1624673
19/04/2025,Barcode Scanning,Ian SUTCLIFFE,A2609504
26/04/2025,Barcode Scanning,Marc CRADDOCK,A2535302
03/05/2025,Barcode Scanning,Sally PIGGOTT,A1950809
10/05/2025,Barcode Scanning,Lisa-Marie JOBSON,A3245297
05/04/2025,Barcode Scanning,Katie CUSCHIERI,A2314789(u18)
12/04/2025,Barcode Scanning,Maisie MARTIN,A7967034(u18)
19/04/2025,Barcode Scanning,Christine SUTCLIFFE,A951500
26/04/2025,Barcode Scanning,Andrew FOX,A7565107
03/05/2025,Barcode Scanning,Natalie WIDDOWS,A3383675
10/05/2025,Barcode Scanning,Kirsty NASH,A2724501
12/04/2025,Barcode Scanning,Phoebe MARTIN,A7967027
19/04/2025,Barcode Scanning,Andrew FOX,A7565107
05/04/2025,Post-event Close Down,Dean ADAMS,A1310766
12/04/2025,Post-event Close Down,Marc CRADDOCK,A2535302
19/04/2025,Post-event Close Down,Darren GOODEY,A2647339
26/04/2025,Post-event Close Down,Lisa-Marie JOBSON,A3245297
03/05/2025,Post-event Close Down,Darren GOODEY,A2647339
10/05/2025,Post-event Close Down,Helen WHITE,A8910796
05/04/2025,Post-event Close Down,Tanya THERON,A2099780
12/04/2025,Post-event Close Down,Lisa-Marie JOBSON,A3245297
19/04/2025,Post-event Close Down,Sarah GOODEY,A2647347
26/04/2025,Post-event Close Down,Elisabeth ASKEW,A8909609(u18)
03/05/2025,Post-event Close Down,Sarah GOODEY,A2647347
10/05/2025,Post-event Close Down,Marcus WHITE,A8935376(u18)
26/04/2025,Post-event Close Down,Andrew ASKEW,A8909498
10/05/2025,Post-event Close Down,Elisabeth ASKEW,A8909609(u18)
26/04/2025,Post-event Close Down,Marcus WHITE,A8935376(u18)
05/04/2025,Volunteer Co-ordinator,Gergana DANBY,A528020
12/04/2025,Volunteer Co-ordinator,Gergana DANBY,A528020
26/04/2025,Volunteer Co-ordinator,Gergana DANBY,A528020
03/05/2025,Volunteer Co-ordinator,Gergana DANBY,A528020
10/05/2025,Volunteer Co-ordinator,Gergana DANBY,A528020
26/04/2025,Volunteer Co-ordinator,Rob MCLEAN,A1671129
19/04/2025,Token Sorting,Lisa-Marie JOBSON,A3245297
03/05/2025,Token Sorting,Andrew PIGGOTT,A1956602
03/05/2025,Token Sorting,Richard ROKOSZYNSKI,A1828288
26/04/2025,Other,Heidi BURROWS,A8592920
26/04/2025,Other,Jonathan WINDEATT,A1277070
12/04/2025,Finish Token Support,Ethan SKIPP,A1524585
22/02/2025,Run Director,Marc CRADDOCK,A2535302
01/03/2025,Run Director,Andrew FOX,A7565107
08/03/2025,Run Director,Steve DANBY,A528017
15/03/2025,Run Director,Stephen SMITH,A1768181
22/03/2025,Run Director,Mike WARD,A1491976
29/03/2025,Run Director,Rob MCLEAN,A1671129
22/02/2025,Event Day Course Check,Phil MACHRAY,A1447690
01/03/2025,Event Day Course Check,Steve DANBY,A528017
08/03/2025,Event Day Course Check,Gergana DANBY,A528020
15/03/2025,Event Day Course Check,Scott REEVE,A2663924
22/03/2025,Event Day Course Check,Phil MACHRAY,A1447690
29/03/2025,Event Day Course Check,Andrew FOX,A7565107
22/02/2025,Pre-event Setup,Phil MACHRAY,A1447690
01/03/2025,Pre-event Setup,Steve DANBY,A528017
08/03/2025,Pre-event Setup,Phil MACHRAY,A1447690
15/03/2025,Pre-event Setup,Scott REEVE,A2663924
22/03/2025,Pre-event Setup,Phil MACHRAY,A1447690
29/03/2025,Pre-event Setup,Andrew FOX,A7565107
22/02/2025,Pre-event Setup,Martha MACHRAY,A1447696
01/03/2025,Pre-event Setup,Pete ACHER,A1483029
08/03/2025,Pre-event Setup,Martha MACHRAY,A1447696
22/03/2025,Pre-event Setup,Martha MACHRAY,A1447696
29/03/2025,Pre-event Setup,Dean ADAMS,A1310766
22/02/2025,Pre-event Setup,David SKIPP,A1738557
01/03/2025,Pre-event Setup,Gergana DANBY,A528020
22/02/2025,First Timers Welcome,Andrew FOX,A7565107
01/03/2025,First Timers Welcome,Ann CARDUS,A1731014
08/03/2025,First Timers Welcome,Ann CARDUS,A1731014
15/03/2025,First Timers Welcome,Ann CARDUS,A1731014
22/03/2025,First Timers Welcome,Ann CARDUS,A1731014
29/03/2025,First Timers Welcome,Emma DELEA,A2134011
22/02/2025,Marshal (GM Corner),Michael KAVANAGH,A1933006
01/03/2025,Marshal (GM Corner),Jill THORNE,A2007761
08/03/2025,Marshal (GM Corner),Michael KAVANAGH,A1933006
22/03/2025,Marshal (GM Corner),Will HAYES,A1300405
22/02/2025,Marshal (1/4k),Harry CRADDOCK,A2552440(u18)
01/03/2025,Marshal (1/4k),Ken BENCH,A4753446
08/03/2025,Marshal (1/4k),Jill THORNE,A2007761
15/03/2025,Marshal (1/4k),Tim LEE,A10248074
22/03/2025,Marshal (1/4k),Tamás SOMOGYI,A1149615
22/02/2025,Marshal (Top of the hill),Jackie DODWELL,A1281644
01/03/2025,Marshal (Top of the hill),Amanda Karen BURKE,A432945
08/03/2025,Marshal (Top of the hill),Tim LEE,A10248074
15/03/2025,Marshal (Top of the hill),Amanda Karen BURKE,A432945
22/03/2025,Marshal (Top of the hill),Sara SOMOGYI,A1080724
29/03/2025,Marshal (Top of the hill),John CHAPPLE,A1956004
22/02/2025,Marshal (Cow Field Gate),Amanda Karen BURKE,A432945
01/03/2025,Marshal (Cow Field Gate),Natalie WIDDOWS,A3383675
08/03/2025,Marshal (Cow Field Gate),Ben WILLIAMS,A7523352
15/03/2025,Marshal (Cow Field Gate),Martha MACHRAY,A1447696
22/02/2025,Marshal (The Gallops),Joe CRADDOCK,A2552434
01/03/2025,Marshal (The Gallops),Jackie DODWELL,A1281644
08/03/2025,Marshal (The Gallops),Jackie DODWELL,A1281644
15/03/2025,Marshal (The Gallops),Andrew FOX,A7565107
22/03/2025,Marshal (The Gallops),Benedict AUNG,A10281960
22/02/2025,Marshal (Lincoln's Lane),Tim LEE,A10248074
01/03/2025,Marshal (Lincoln's Lane),John CHAPPLE,A1956004
08/03/2025,Marshal (Lincoln's Lane),Ken BENCH,A4753446
15/03/2025,Marshal (Lincoln's Lane),Rob MCLEAN,A1671129
22/03/2025,Marshal (Lincoln's Lane),Sarah ROUTLEDGE,A7133728
22/02/2025,Marshal (Knob Hill Top),Ken BENCH,A4753446
01/03/2025,Marshal (Knob Hill Top),Marc CRADDOCK,A2535302
08/03/2025,Marshal (Knob Hill Top),Chris WHITE,A10355615
15/03/2025,Marshal (Knob Hill Top),Phil MACHRAY,A1447690
22/03/2025,Marshal (Knob Hill Top),Andrew FOX,A7565107
22/02/2025,Marshal (Knob Hill Bottom),Suzy GARLAND-COLLINS,A1688510
01/03/2025,Marshal (Knob Hill Bottom),Harry CRADDOCK,A2552440(u18)
08/03/2025,Marshal (Knob Hill Bottom),Elisabeth ASKEW,A8909609(u18)
15/03/2025,Marshal (Knob Hill Bottom),Deborah MCLEAN,A1671161
22/03/2025,Marshal (Knob Hill Bottom),Natalie WIDDOWS,A3383675
01/03/2025,Marshal,Michael KAVANAGH,A1933006
29/03/2025,Marshal (Turnaround),Deborah MCLEAN,A1671161
29/03/2025,Marshal (Goldfingers out),Will HAYES,A1300405
29/03/2025,Marshal (Goldfingers return),Peter BLACKLOCK,A1479175
29/03/2025,Marshal (Crossroads/dog leg),Tanya THERON,A2099780
29/03/2025,Marshal (Pine Tree Corner),Tom BUNDY,A4220238
22/02/2025,parkwalker,Megan ROBINSON,A9883052
01/03/2025,parkwalker,Susan BANNOCKS,A197862
08/03/2025,parkwalker,Tracey WHITTINGTON,A437885
15/03/2025,parkwalker,Jenny MARTIN,A1624673
22/03/2025,parkwalker,Gergana DANBY,A528020
29/03/2025,parkwalker,Jenny MARTIN,A1624673
22/02/2025,parkwalker,Jeremy RIDLEY,A480951
01/03/2025,parkwalker,Emma DELEA,A2134011
08/03/2025,parkwalker,Emily THORPE,A2874649
15/03/2025,parkwalker,Liz BUNDY,A4326929
22/03/2025,parkwalker,Lisa-Marie JOBSON,A3245297
29/03/2025,parkwalker,Emma DELEA,A2134011
22/02/2025,Tail Walker,James METCALFE,A1670730
01/03/2025,Tail Walker,Phil MACHRAY,A1447690
08/03/2025,Tail Walker,Kirsty NASH,A2724501
15/03/2025,Tail Walker,David SKIPP,A1738557
22/03/2025,Tail Walker,David SKIPP,A1738557
29/03/2025,Tail Walker,Phil MACHRAY,A1447690
22/02/2025,Tail Walker,Gill SAUNDERS,A1279829
01/03/2025,Tail Walker,Martha MACHRAY,A1447696
08/03/2025,Tail Walker,Tianna THORPE-WILLIAMS,A2485465
15/03/2025,Tail Walker,Gina BIANCHI,A587907
22/03/2025,Tail Walker,Mervyn ANDIAPEN,A3546829
29/03/2025,Tail Walker,Martha MACHRAY,A1447696
22/02/2025,Photographer,Michael KAVANAGH,A1933006
01/03/2025,Photographer,Marc CRADDOCK,A2535302
08/03/2025,Photographer,Gary SHERIN,A2581037
15/03/2025,Photographer,Martha MACHRAY,A1447696
22/03/2025,Photographer,Andrew FOX,A7565107
29/03/2025,Photographer,Tanya THERON,A2099780
22/02/2025,Timekeeper,Gary SHERIN,A2581037
01/03/2025,Timekeeper,Hannah CARDUS,A2750540
08/03/2025,Timekeeper,Marc CRADDOCK,A2535302
15/03/2025,Timekeeper,Marc CRADDOCK,A2535302
22/03/2025,Timekeeper,Pete ACHER,A1483029
29/03/2025,Timekeeper,Marc CRADDOCK,A2535302
22/02/2025,Timekeeper,Ian SUTCLIFFE,A2609504
01/03/2025,Timekeeper,Karen WILSON,A7255758
08/03/2025,Timekeeper,Harry CRADDOCK,A2552440(u18)
15/03/2025,Timekeeper,Harry CRADDOCK,A2552440(u18)
22/03/2025,Timekeeper,Marc CRADDOCK,A2535302
29/03/2025,Timekeeper,Ian SUTCLIFFE,A2609504
22/02/2025,Finish Tokens,Jennie OHALLORAN,A4517635
01/03/2025,Finish Tokens,Ian SUTCLIFFE,A2609504
08/03/2025,Finish Tokens,Gergana DANBY,A528020
15/03/2025,Finish Tokens,Andrew PIGGOTT,A1956602
22/03/2025,Finish Tokens,Indrani ACHER,A1484476
29/03/2025,Finish Tokens,Emma DELEA,A2134011
22/02/2025,Barcode Scanning,Andrew FOX,A7565107
01/03/2025,Barcode Scanning,Jenny MARTIN,A1624673
08/03/2025,Barcode Scanning,Andrew FOX,A7565107
15/03/2025,Barcode Scanning,Katie CUSCHIERI,A2314789(u18)
22/03/2025,Barcode Scanning,Kirsty NASH,A2724501
29/03/2025,Barcode Scanning,Katie CUSCHIERI,A2314789(u18)
22/02/2025,Barcode Scanning,Lisa-Marie JOBSON,A3245297
01/03/2025,Barcode Scanning,Maisie MARTIN,A7967034(u18)
08/03/2025,Barcode Scanning,Katie CUSCHIERI,A2314789(u18)
15/03/2025,Barcode Scanning,Sally PIGGOTT,A1950809
22/03/2025,Barcode Scanning,Hannah CARDUS,A2750540
29/03/2025,Barcode Scanning,Andrew FOX,A7565107
22/02/2025,Post-event Close Down,Dean ADAMS,A1310766
01/03/2025,Post-event Close Down,Helen WHITE,A8910796
08/03/2025,Post-event Close Down,Helen WHITE,A8910796
15/03/2025,Post-event Close Down,Mike WARD,A1491976
22/03/2025,Post-event Close Down,Harry CRADDOCK,A2552440(u18)
29/03/2025,Post-event Close Down,Helen WHITE,A8910796
22/02/2025,Post-event Close Down,Steve DANBY,A528017
01/03/2025,Post-event Close Down,Marcus WHITE,A8935376(u18)
08/03/2025,Post-event Close Down,Marcus WHITE,A8935376(u18)
15/03/2025,Post-event Close Down,Steve DANBY,A528017
22/03/2025,Post-event Close Down,Lucas WAIT,A8825786(u18)
29/03/2025,Post-event Close Down,Marcus WHITE,A8935376(u18)
08/03/2025,Post-event Close Down,David SKIPP,A1738557
22/02/2025,Volunteer Co-ordinator,Gergana DANBY,A528020
01/03/2025,Volunteer Co-ordinator,Gergana DANBY,A528020
08/03/2025,Volunteer Co-ordinator,Gergana DANBY,A528020
15/03/2025,Volunteer Co-ordinator,Gergana DANBY,A528020
22/03/2025,Volunteer Co-ordinator,Gergana DANBY,A528020
29/03/2025,Volunteer Co-ordinator,Gergana DANBY,A528020
22/02/2025,Token Sorting,Sally PIGGOTT,A1950809
01/03/2025,Token Sorting,Lisa-Marie JOBSON,A3245297
15/03/2025,Token Sorting,Hannah WARD,A10466063
22/03/2025,Token Sorting,Hannah WARD,A10466063
29/03/2025,Token Sorting,Andrew FOX,A7565107
01/03/2025,Token Sorting,Tanya THERON,A2099780
01/03/2025,Token Sorting,Dean ADAMS,A1310766
29/03/2025,Report Writer,Simon ASHTON,A6264280
11/01/2025,Run Director,Stephen SMITH,A1768181
18/01/2025,Run Director,Mike WARD,A1491976
25/01/2025,Run Director,Richard ROKOSZYNSKI,A1828288
01/02/2025,Run Director,Rob MCLEAN,A1671129
08/02/2025,Run Director,Phil HALES,A1580598
15/02/2025,Run Director,Ann CARDUS,A1731014
11/01/2025,Event Day Course Check,Scott REEVE,A2663924
18/01/2025,Event Day Course Check,Phil MACHRAY,A1447690
25/01/2025,Event Day Course Check,Steve DANBY,A528017
01/02/2025,Event Day Course Check,Mark COOPER,A1809267
08/02/2025,Event Day Course Check,Marc CRADDOCK,A2535302
15/02/2025,Event Day Course Check,David SKIPP,A1738557
11/01/2025,Pre-event Setup,Scott REEVE,A2663924
18/01/2025,Pre-event Setup,Martha MACHRAY,A1447696
25/01/2025,Pre-event Setup,Steve DANBY,A528017
01/02/2025,Pre-event Setup,Mark COOPER,A1809267
08/02/2025,Pre-event Setup,Marc CRADDOCK,A2535302
15/02/2025,Pre-event Setup,Neil HOLLAND,A2202912
25/01/2025,Pre-event Setup,Gergana DANBY,A528020
01/02/2025,Pre-event Setup,Mike WARD,A1491976
08/02/2025,Pre-event Setup,Dean ADAMS,A1310766
15/02/2025,Pre-event Setup,David SKIPP,A1738557
08/02/2025,Pre-event Setup,Patrick BARRY,A5900733
11/01/2025,First Timers Welcome,Ann CARDUS,A1731014
18/01/2025,First Timers Welcome,Ann CARDUS,A1731014
25/01/2025,First Timers Welcome,Sarah GOODEY,A2647347
01/02/2025,First Timers Welcome,Sarah GOODEY,A2647347
08/02/2025,First Timers Welcome,Ann CARDUS,A1731014
15/02/2025,First Timers Welcome,Emma DELEA,A2134011
11/01/2025,Marshal (GM Corner),Michael KAVANAGH,A1933006
18/01/2025,Marshal (GM Corner),Michael KAVANAGH,A1933006
25/01/2025,Marshal (GM Corner),Paul BAILEY,A1448503
01/02/2025,Marshal (GM Corner),Lorna MESS,A762161
08/02/2025,Marshal (GM Corner),Jill THORNE,A2007761
15/02/2025,Marshal (GM Corner),Helen WHITE,A8910796
01/02/2025,Marshal (GM Corner),Daisy MESS,A1611166
11/01/2025,Marshal (1/4k),Andrew FOX,A7565107
18/01/2025,Marshal (1/4k),Sally PIGGOTT,A1950809
25/01/2025,Marshal (1/4k),Natalie WIDDOWS,A3383675
01/02/2025,Marshal (1/4k),Gill SAUNDERS,A1279829
08/02/2025,Marshal (1/4k),Jackie DODWELL,A1281644
15/02/2025,Marshal (1/4k),Jennie OHALLORAN,A4517635
11/01/2025,Marshal (Top of the hill),Natalie WIDDOWS,A3383675
18/01/2025,Marshal (Top of the hill),Marc CRADDOCK,A2535302
25/01/2025,Marshal (Top of the hill),Virginija JANAVICIUS,A1318857
01/02/2025,Marshal (Top of the hill),Deborah MCLEAN,A1671161
08/02/2025,Marshal (Top of the hill),Amanda Karen BURKE,A432945
15/02/2025,Marshal (Top of the hill),Jackie DODWELL,A1281644
11/01/2025,Marshal (Cow Field Gate),Amanda Karen BURKE,A432945
18/01/2025,Marshal (Cow Field Gate),Mark COOPER,A1809267
08/02/2025,Marshal (Cow Field Gate),Michael KAVANAGH,A1933006
11/01/2025,Marshal (The Gallops),Jackie DODWELL,A1281644
18/01/2025,Marshal (The Gallops),Jackie DODWELL,A1281644
25/01/2025,Marshal (The Gallops),Jackie DODWELL,A1281644
01/02/2025,Marshal (The Gallops),Michael KAVANAGH,A1933006
15/02/2025,Marshal (The Gallops),Amanda Karen BURKE,A432945
11/01/2025,Marshal (Lincoln's Lane),Paul MCNEILLY,A1302840
18/01/2025,Marshal (Lincoln's Lane),Jessica EDE,A9634589
25/01/2025,Marshal (Lincoln's Lane),Andrew FOX,A7565107
01/02/2025,Marshal (Lincoln's Lane),Kelly JAMES,A4040569
08/02/2025,Marshal (Lincoln's Lane),Sarah ROUTLEDGE,A7133728
15/02/2025,Marshal (Lincoln's Lane),Dave O'CARROLL,A1351937
11/01/2025,Marshal (Knob Hill Top),Paul FISK,A1691133
18/01/2025,Marshal (Knob Hill Top),Glen KING,A2655085
25/01/2025,Marshal (Knob Hill Top),Annie PLUMB,A3556116
01/02/2025,Marshal (Knob Hill Top),Mary LLOYD,A1312287
08/02/2025,Marshal (Knob Hill Top),Jenny MARTIN,A1624673
15/02/2025,Marshal (Knob Hill Top),Ken BENCH,A4753446
11/01/2025,Marshal (Knob Hill Bottom),Ailyn FISK,A7692054
18/01/2025,Marshal (Knob Hill Bottom),Paul BAILEY,A1448503
25/01/2025,Marshal (Knob Hill Bottom),Ken BENCH,A4753446
01/02/2025,Marshal (Knob Hill Bottom),David MACKAY,A1547369
08/02/2025,Marshal (Knob Hill Bottom),Maisie MARTIN,A7967034(u18)
15/02/2025,Marshal (Knob Hill Bottom),Jill THORNE,A2007761
18/01/2025,Marshal,Amanda Karen BURKE,A432945
25/01/2025,Marshal,Michael KAVANAGH,A1933006
01/02/2025,Marshal,Dylan HUSSAIN,A7802682(u18)
18/01/2025,Marshal,Sophie BAILEY,A3532673(u18)
01/02/2025,Marshal,Lois HUSSAIN,A7802693(u18)
11/01/2025,parkwalker,Emma DELEA,A2134011
18/01/2025,parkwalker,Paul FISK,A1691133
25/01/2025,parkwalker,Jenny MARTIN,A1624673
01/02/2025,parkwalker,Liz BUNDY,A4326929
08/02/2025,parkwalker,Susan BANNOCKS,A197862
15/02/2025,parkwalker,Emma DELEA,A2134011
11/01/2025,parkwalker,Sarah GOODEY,A2647347
18/01/2025,parkwalker,Ailyn FISK,A7692054
25/01/2025,parkwalker,Sarah GOODEY,A2647347
01/02/2025,parkwalker,Emma DELEA,A2134011
11/01/2025,Tail Walker,Si ADAMS,A1773174
18/01/2025,Tail Walker,Virginija JANAVICIUS,A1318857
25/01/2025,Tail Walker,Phil MACHRAY,A1447690
01/02/2025,Tail Walker,Paul FISK,A1691133
08/02/2025,Tail Walker,Ann CARDUS,A1731014
15/02/2025,Tail Walker,Andrew FOX,A7565107
11/01/2025,Tail Walker,Phil MACHRAY,A1447690
18/01/2025,Tail Walker,Tim LEE,A10248074
25/01/2025,Tail Walker,Martha MACHRAY,A1447696
01/02/2025,Tail Walker,Ailyn FISK,A7692054
08/02/2025,Tail Walker,Andrew FOX,A7565107
18/01/2025,Tail Walker,Nicola HORNE,A3049540
11/01/2025,Photographer,Martha MACHRAY,A1447696
18/01/2025,Photographer,David MACKAY,A1547369
25/01/2025,Photographer,Mervyn ANDIAPEN,A3546829
01/02/2025,Photographer,Andrew FOX,A7565107
15/02/2025,Photographer,Jennie OHALLORAN,A4517635
11/01/2025,Timekeeper,Marc CRADDOCK,A2535302
18/01/2025,Timekeeper,Jenny MARTIN,A1624673
25/01/2025,Timekeeper,Peter BLACKLOCK,A1479175
01/02/2025,Timekeeper,Peter BLACKLOCK,A1479175
08/02/2025,Timekeeper,Kirsty NASH,A2724501
15/02/2025,Timekeeper,Joanne AGG,A7115693
11/01/2025,Timekeeper,Ian SUTCLIFFE,A2609504
18/01/2025,Timekeeper,Tanya THERON,A2099780
25/01/2025,Timekeeper,Ian SUTCLIFFE,A2609504
01/02/2025,Timekeeper,Karen WILSON,A7255758
08/02/2025,Timekeeper,Marcus RANA,A5694009
15/02/2025,Timekeeper,James MACNISH PORTER,A1313247
18/01/2025,Timekeeper,Phoebe MARTIN,A7967027
11/01/2025,Finish Tokens,Harry CRADDOCK,A2552440(u18)
18/01/2025,Finish Tokens,Alison GARROD,A773184
25/01/2025,Finish Tokens,Richard DUFFIELD,A4442740
01/02/2025,Finish Tokens,Stuart CROWTHER,A2911203
08/02/2025,Finish Tokens,Sally PIGGOTT,A1950809
15/02/2025,Finish Tokens,Karen HOLLAND,A2924659
11/01/2025,Barcode Scanning,Jenny MARTIN,A1624673
18/01/2025,Barcode Scanning,Sarah GOODEY,A2647347
25/01/2025,Barcode Scanning,Marc CRADDOCK,A2535302
01/02/2025,Barcode Scanning,Marc CRADDOCK,A2535302
08/02/2025,Barcode Scanning,Marc CRADDOCK,A2535302
15/02/2025,Barcode Scanning,Jenny MARTIN,A1624673
11/01/2025,Barcode Scanning,Maisie MARTIN,A7967034(u18)
18/01/2025,Barcode Scanning,Maisie MARTIN,A7967034(u18)
25/01/2025,Barcode Scanning,Harry CRADDOCK,A2552440(u18)
01/02/2025,Barcode Scanning,Peter TURNER,A4128998
08/02/2025,Barcode Scanning,Hannah CARDUS,A2750540
15/02/2025,Barcode Scanning,Maisie MARTIN,A7967034(u18)
11/01/2025,Post-event Close Down,Mike WARD,A1491976
18/01/2025,Post-event Close Down,Harry CRADDOCK,A2552440(u18)
25/01/2025,Post-event Close Down,Mike WARD,A1491976
01/02/2025,Post-event Close Down,Marc CRADDOCK,A2535302
08/02/2025,Post-event Close Down,Mike WARD,A1491976
15/02/2025,Post-event Close Down,Helen WHITE,A8910796
11/01/2025,Post-event Close Down,Michelle SMITH,A1344786
18/01/2025,Post-event Close Down,Marc CRADDOCK,A2535302
25/01/2025,Post-event Close Down,David SKIPP,A1738557
01/02/2025,Post-event Close Down,Harry CRADDOCK,A2552440(u18)
15/02/2025,Post-event Close Down,Marcus WHITE,A8935376(u18)
11/01/2025,Post-event Close Down,Lisa-Marie JOBSON,A3245297
11/01/2025,Post-event Close Down,Steve DANBY,A528017
11/01/2025,Volunteer Co-ordinator,Gergana DANBY,A528020
18/01/2025,Volunteer Co-ordinator,Gergana DANBY,A528020
25/01/2025,Volunteer Co-ordinator,Gergana DANBY,A528020
01/02/2025,Volunteer Co-ordinator,Gergana DANBY,A528020
08/02/2025,Volunteer Co-ordinator,Gergana DANBY,A528020
15/02/2025,Volunteer Co-ordinator,Gergana DANBY,A528020
18/01/2025,Volunteer Co-ordinator,Ann CARDUS,A1731014
18/01/2025,Volunteer Co-ordinator,Marc CRADDOCK,A2535302
11/01/2025,Token Sorting,Mike WARD,A1491976
18/01/2025,Token Sorting,Hannah WARD,A10466063
25/01/2025,Token Sorting,Jennie OHALLORAN,A4517635
01/02/2025,Token Sorting,Alison HAGON,A5805054
11/01/2025,Token Sorting,Hannah WARD,A10466063
25/01/2025,Token Sorting,Katerina COOPER,A1320563
01/02/2025,Token Sorting,James FALLOWS,A7512539
01/02/2025,Token Sorting,Julie WHITE,A7552058
01/02/2025,Token Sorting,Yvonne PRICE,A4998280
01/02/2025,Token Sorting,Nadia PRICE,A5563463(u18)
30/11/2024,Run Director,Richard ROKOSZYNSKI,A1828288
07/12/2024,Run Director,Rob MCLEAN,A1671129
14/12/2024,Run Director,Phil HALES,A1580598
21/12/2024,Run Director,Marc CRADDOCK,A2535302
28/12/2024,Run Director,Ann CARDUS,A1731014
04/01/2025,Run Director,Steve DANBY,A528017
30/11/2024,Event Day Course Check,Mark COOPER,A1809267
07/12/2024,Event Day Course Check,Marc CRADDOCK,A2535302
14/12/2024,Event Day Course Check,David SKIPP,A1738557
21/12/2024,Event Day Course Check,David SKIPP,A1738557
28/12/2024,Event Day Course Check,David SKIPP,A1738557
04/01/2025,Event Day Course Check,Phil MACHRAY,A1447690
30/11/2024,Pre-event Setup,Mark COOPER,A1809267
07/12/2024,Pre-event Setup,Marc CRADDOCK,A2535302
14/12/2024,Pre-event Setup,David SKIPP,A1738557
21/12/2024,Pre-event Setup,David SKIPP,A1738557
28/12/2024,Pre-event Setup,Phil MACHRAY,A1447690
04/01/2025,Pre-event Setup,Phil MACHRAY,A1447690
30/11/2024,Pre-event Setup,David SKIPP,A1738557
07/12/2024,Pre-event Setup,Harry CRADDOCK,A2552440(u18)
14/12/2024,Pre-event Setup,Ethan SKIPP,A1524585
21/12/2024,Pre-event Setup,Phil HALES,A1580598
28/12/2024,Pre-event Setup,Martha MACHRAY,A1447696
04/01/2025,Pre-event Setup,Martha MACHRAY,A1447696
30/11/2024,First Timers Welcome,Ann CARDUS,A1731014
07/12/2024,First Timers Welcome,Ann CARDUS,A1731014
14/12/2024,First Timers Welcome,Ann CARDUS,A1731014
21/12/2024,First Timers Welcome,Ann CARDUS,A1731014
28/12/2024,First Timers Welcome,Andrew FOX,A7565107
04/01/2025,First Timers Welcome,Ann CARDUS,A1731014
30/11/2024,Marshal (GM Corner),Mark MCKECHNIE,A5255406
07/12/2024,Marshal (GM Corner),Andrew PIGGOTT,A1956602
14/12/2024,Marshal (GM Corner),David GILES,A1226660
21/12/2024,Marshal (GM Corner),Oliver ROWE,A1387947
28/12/2024,Marshal (GM Corner),Vashti GREEN,A1670146
04/01/2025,Marshal (GM Corner),Richard ROKOSZYNSKI,A1828288
30/11/2024,Marshal (1/4k),Jeannette PAGE,A336259
07/12/2024,Marshal (1/4k),Helen WHITE,A8910796
14/12/2024,Marshal (1/4k),Sarah ROUTLEDGE,A7133728
21/12/2024,Marshal (1/4k),Jeannette PAGE,A336259
28/12/2024,Marshal (1/4k),John CHAPPLE,A1956004
04/01/2025,Marshal (1/4k),Paul BAILEY,A1448503
30/11/2024,Marshal (Top of the hill),Andrew TURK,A4301919
07/12/2024,Marshal (Top of the hill),Andrew JOBSON,A4893680
14/12/2024,Marshal (Top of the hill),Ben WILLIAMS,A7523352
21/12/2024,Marshal (Top of the hill),Paul BAILEY,A1448503
28/12/2024,Marshal (Top of the hill),Anna WHITEHEAD,A4109386
04/01/2025,Marshal (Top of the hill),Marijke VAN EETVELDE,A624788
21/12/2024,Marshal (Cow Field Gate),Natalie WIDDOWS,A3383675
04/01/2025,Marshal (Cow Field Gate),Lynn EDWARDS,A1420869
30/11/2024,Marshal (The Gallops),Jackie DODWELL,A1281644
07/12/2024,Marshal (The Gallops),Lisa-Marie JOBSON,A3245297
14/12/2024,Marshal (The Gallops),Andrew FOX,A7565107
21/12/2024,Marshal (The Gallops),Jackie DODWELL,A1281644
28/12/2024,Marshal (The Gallops),Ken BENCH,A4753446
04/01/2025,Marshal (The Gallops),Jackie DODWELL,A1281644
30/11/2024,Marshal (Lincoln's Lane),Rob MCLEAN,A1671129
07/12/2024,Marshal (Lincoln's Lane),Vashti GREEN,A1670146
14/12/2024,Marshal (Lincoln's Lane),Tom BUNDY,A4220238
21/12/2024,Marshal (Lincoln's Lane),James MACNISH PORTER,A1313247
28/12/2024,Marshal (Lincoln's Lane),Tom BUNDY,A4220238
04/01/2025,Marshal (Lincoln's Lane),Amanda Karen BURKE,A432945
30/11/2024,Marshal (Knob Hill Top),Deborah MCLEAN,A1671161
07/12/2024,Marshal (Knob Hill Top),Lorna JUDD,A2894550
14/12/2024,Marshal (Knob Hill Top),Vashti GREEN,A1670146
28/12/2024,Marshal (Knob Hill Top),Chris WHITE,A10355615
04/01/2025,Marshal (Knob Hill Top),Paul MCNEILLY,A1302840
30/11/2024,Marshal (Knob Hill Bottom),James MACNISH PORTER,A1313247
07/12/2024,Marshal (Knob Hill Bottom),Ken BENCH,A4753446
14/12/2024,Marshal (Knob Hill Bottom),Liz LONG,A107006
21/12/2024,Marshal (Knob Hill Bottom),Amanda Karen BURKE,A432945
28/12/2024,Marshal (Knob Hill Bottom),Jocelyn CORNISH,A9553568
04/01/2025,Marshal (Knob Hill Bottom),Virginija JANAVICIUS,A1318857
07/12/2024,Marshal,Danny WRIGHT,A1452875
21/12/2024,Marshal,Michael KAVANAGH,A9935128
30/11/2024,parkwalker,Liz BUNDY,A4326929
07/12/2024,parkwalker,Emma DELEA,A2134011
14/12/2024,parkwalker,Emma DELEA,A2134011
21/12/2024,parkwalker,Emma DELEA,A2134011
28/12/2024,parkwalker,Jennie OHALLORAN,A4517635
04/01/2025,parkwalker,Jenny MARTIN,A1624673
07/12/2024,parkwalker,Jenny MARTIN,A1624673
14/12/2024,parkwalker,Sarah GOODEY,A2647347
21/12/2024,parkwalker,Anna WHITEHEAD,A4109386
04/01/2025,parkwalker,Sarah GOODEY,A2647347
30/11/2024,Tail Walker,Paul ROBINSON,A9880898
07/12/2024,Tail Walker,Si ADAMS,A1773174
14/12/2024,Tail Walker,Liz BUNDY,A4326929
21/12/2024,Tail Walker,Martha MACHRAY,A1447696
28/12/2024,Tail Walker,Susan BANNOCKS,A197862
04/01/2025,Tail Walker,Liz BUNDY,A4326929
30/11/2024,Tail Walker,Megan ROBINSON,A9883052
07/12/2024,Tail Walker,Richard ROKOSZYNSKI,A1828288
14/12/2024,Tail Walker,Robert CLARK,A381984
21/12/2024,Tail Walker,Phil MACHRAY,A1447690
28/12/2024,Tail Walker,Virginija JANAVICIUS,A1318857
04/01/2025,Tail Walker,Andrew FOX,A7565107
30/11/2024,Photographer,Martha MACHRAY,A1447696
07/12/2024,Photographer,Jane UWINS,A2048620
14/12/2024,Photographer,Martha MACHRAY,A1447696
21/12/2024,Photographer,Richard ROKOSZYNSKI,A1828288
04/01/2025,Photographer,Paul MCNEILLY,A1302840
30/11/2024,Timekeeper,Marc CRADDOCK,A2535302
07/12/2024,Timekeeper,Peter BLACKLOCK,A1479175
14/12/2024,Timekeeper,Phil MACHRAY,A1447690
21/12/2024,Timekeeper,Peter BLACKLOCK,A1479175
28/12/2024,Timekeeper,Peter BLACKLOCK,A1479175
04/01/2025,Timekeeper,Gergana DANBY,A528020
30/11/2024,Timekeeper,Harry CRADDOCK,A2552440(u18)
07/12/2024,Timekeeper,Marc CRADDOCK,A2535302
14/12/2024,Timekeeper,Stephanie HOLT-CASTLE,A3576938
21/12/2024,Timekeeper,Lorna MESS,A762161
28/12/2024,Timekeeper,Marc CRADDOCK,A2535302
04/01/2025,Timekeeper,Sally PIGGOTT,A1950809
30/11/2024,Finish Tokens,Phil MACHRAY,A1447690
07/12/2024,Finish Tokens,Jennie OHALLORAN,A4517635
14/12/2024,Finish Tokens,Tina LEUNG,A280693
21/12/2024,Finish Tokens,Jennie OHALLORAN,A4517635
28/12/2024,Finish Tokens,Harry CRADDOCK,A2552440(u18)
04/01/2025,Finish Tokens,Emma DELEA,A2134011
30/11/2024,Barcode Scanning,Jenny MARTIN,A1624673
07/12/2024,Barcode Scanning,Andrew FOX,A7565107
14/12/2024,Barcode Scanning,Marc CRADDOCK,A2535302
21/12/2024,Barcode Scanning,Andrew FOX,A7565107
28/12/2024,Barcode Scanning,Andrew FOX,A7565107
04/01/2025,Barcode Scanning,Marc CRADDOCK,A2535302
30/11/2024,Barcode Scanning,Andrew ASKEW,A8909498
07/12/2024,Barcode Scanning,Leigh NORRIS,A508796
14/12/2024,Barcode Scanning,Harry CRADDOCK,A2552440(u18)
21/12/2024,Barcode Scanning,Sally PIGGOTT,A1950809
28/12/2024,Barcode Scanning,Ian SUTCLIFFE,A2609504
04/01/2025,Barcode Scanning,Ian SUTCLIFFE,A2609504
30/11/2024,Barcode Scanning,Elisabeth ASKEW,A8909609(u18)
07/12/2024,Barcode Scanning,Rob MCLEAN,A1671129
14/12/2024,Barcode Scanning,Ted HALES GREEN,A3624033(u18)
30/11/2024,Post-event Close Down,Marc CRADDOCK,A2535302
07/12/2024,Post-event Close Down,David SKIPP,A1738557
14/12/2024,Post-event Close Down,Mike WARD,A1491976
21/12/2024,Post-event Close Down,James REES,A3186453
28/12/2024,Post-event Close Down,Helen WHITE,A8910796
04/01/2025,Post-event Close Down,Alan RUTTERFORD,A127964
30/11/2024,Post-event Close Down,Andrew ASKEW,A8909498
07/12/2024,Post-event Close Down,Richard ROKOSZYNSKI,A1828288
14/12/2024,Post-event Close Down,Richard ROKOSZYNSKI,A1828288
21/12/2024,Post-event Close Down,Steve DANBY,A528017
28/12/2024,Post-event Close Down,Marcus WHITE,A8935376(u18)
04/01/2025,Post-event Close Down,Lisa-Marie JOBSON,A3245297
07/12/2024,Post-event Close Down,Mike WARD,A1491976
21/12/2024,Post-event Close Down,Mike WARD,A1491976
28/12/2024,Post-event Close Down,Matthew WHITE,A8903785(u18)
04/01/2025,Post-event Close Down,Andrew JOBSON,A4893680
30/11/2024,Volunteer Co-ordinator,Gergana DANBY,A528020
07/12/2024,Volunteer Co-ordinator,Gergana DANBY,A528020
14/12/2024,Volunteer Co-ordinator,Gergana DANBY,A528020
21/12/2024,Volunteer Co-ordinator,Gergana DANBY,A528020
28/12/2024,Volunteer Co-ordinator,Gergana DANBY,A528020
04/01/2025,Volunteer Co-ordinator,Gergana DANBY,A528020
30/11/2024,Token Sorting,Jennie OHALLORAN,A4517635
07/12/2024,Token Sorting,Lisa-Marie JOBSON,A3245297
14/12/2024,Token Sorting,Virginija JANAVICIUS,A1318857
21/12/2024,Token Sorting,Phil HALES,A1580598
28/12/2024,Token Sorting,Mike WARD,A1491976
04/01/2025,Token Sorting,Cath HUNT,A619381
30/11/2024,Token Sorting,Rob MCLEAN,A1671129
14/12/2024,Token Sorting,Jennie OHALLORAN,A4517635
21/12/2024,Token Sorting,Vashti GREEN,A1670146
04/01/2025,Token Sorting,Jennie OHALLORAN,A4517635
14/12/2024,Token Sorting,Andrew FOX,A7565107
19/10/2024,Run Director,Ann CARDUS,A1731014
26/10/2024,Run Director,Ann CARDUS,A1731014
02/11/2024,Run Director,Marc CRADDOCK,A2535302
09/11/2024,Run Director,Steve DANBY,A528017
16/11/2024,Run Director,Stephen SMITH,A1768181
26/10/2024,Run Director,Andrew FOX,A7565107
19/10/2024,Event Day Course Check,David SKIPP,A1738557
26/10/2024,Event Day Course Check,David SKIPP,A1738557
02/11/2024,Event Day Course Check,Phil MACHRAY,A1447690
09/11/2024,Event Day Course Check,David SKIPP,A1738557
16/11/2024,Event Day Course Check,Scott REEVE,A2663924
19/10/2024,Pre-event Setup,David SKIPP,A1738557
26/10/2024,Pre-event Setup,David SKIPP,A1738557
02/11/2024,Pre-event Setup,Martha MACHRAY,A1447696
09/11/2024,Pre-event Setup,Gergana DANBY,A528020
16/11/2024,Pre-event Setup,Scott REEVE,A2663924
19/10/2024,Pre-event Setup,Marc CRADDOCK,A2535302
26/10/2024,Pre-event Setup,Phil HALES,A1580598
02/11/2024,Pre-event Setup,David SKIPP,A1738557
09/11/2024,Pre-event Setup,David SKIPP,A1738557
16/11/2024,Pre-event Setup,Marc CRADDOCK,A2535302
19/10/2024,Pre-event Setup,Ken BENCH,A4753446
19/10/2024,First Timers Welcome,Marc CRADDOCK,A2535302
26/10/2024,First Timers Welcome,Phil HALES,A1580598
02/11/2024,First Timers Welcome,Ann CARDUS,A1731014
09/11/2024,First Timers Welcome,Ann CARDUS,A1731014
16/11/2024,First Timers Welcome,Andrew FOX,A7565107
19/10/2024,Marshal (GM Corner),Heather ADAMS,A2717841
26/10/2024,Marshal (GM Corner),Marcus WHITE,A8935376(u18)
02/11/2024,Marshal (GM Corner),Sarah ROUTLEDGE,A7133728
09/11/2024,Marshal (GM Corner),Jocelyn CORNISH,A9553568
19/10/2024,Marshal (1/4k),John CHAPPLE,A1956004
26/10/2024,Marshal (1/4k),Jenny MARTIN,A1624673
02/11/2024,Marshal (1/4k),Jeannette PAGE,A336259
09/11/2024,Marshal (1/4k),Gerald MOUNTSTEVENS,A3191339
16/11/2024,Marshal (1/4k),Jeannette PAGE,A336259
19/10/2024,Marshal (Top of the hill),Jeannette PAGE,A336259
26/10/2024,Marshal (Top of the hill),Jeannette PAGE,A336259
02/11/2024,Marshal (Top of the hill),Joe CRADDOCK,A2552434
09/11/2024,Marshal (Top of the hill),Jeannette PAGE,A336259
16/11/2024,Marshal (Top of the hill),Deborah MCLEAN,A1671161
19/10/2024,Marshal (The Gallops),Jackie DODWELL,A1281644
26/10/2024,Marshal (The Gallops),Jackie DODWELL,A1281644
02/11/2024,Marshal (The Gallops),Harry CRADDOCK,A2552440(u18)
09/11/2024,Marshal (The Gallops),Ken BENCH,A4753446
16/11/2024,Marshal (The Gallops),Rob MCLEAN,A1671129
19/10/2024,Marshal (Lincoln's Lane),Ken BENCH,A4753446
26/10/2024,Marshal (Lincoln's Lane),Bradley TAYLOR,A7559343
02/11/2024,Marshal (Lincoln's Lane),Ken BENCH,A4753446
09/11/2024,Marshal (Lincoln's Lane),James MACNISH PORTER,A1313247
16/11/2024,Marshal (Lincoln's Lane),Jackie DODWELL,A1281644
19/10/2024,Marshal (Knob Hill Top),Andrew FOX,A7565107
26/10/2024,Marshal (Knob Hill Top),Paul ROBINSON,A9880898
02/11/2024,Marshal (Knob Hill Top),James MACNISH PORTER,A1313247
09/11/2024,Marshal (Knob Hill Top),Steven HORSLEY,A7914372
16/11/2024,Marshal (Knob Hill Top),Amanda Karen BURKE,A432945
19/10/2024,Marshal (Knob Hill Bottom),Marc CRADDOCK,A2535302
26/10/2024,Marshal (Knob Hill Bottom),Phil HALES,A1580598
02/11/2024,Marshal (Knob Hill Bottom),Dean ADAMS,A1310766
09/11/2024,Marshal (Knob Hill Bottom),Gergana DANBY,A528020
19/10/2024,parkwalker,Liz BUNDY,A4326929
26/10/2024,parkwalker,Gill SAUNDERS,A1279829
02/11/2024,parkwalker,Indrani ACHER,A1484476
09/11/2024,parkwalker,Jenny MARTIN,A1624673
16/11/2024,parkwalker,Liz BUNDY,A4326929
09/11/2024,parkwalker,Maisie MARTIN,A7967034(u18)
16/11/2024,parkwalker,Melvyn COOPER,A1271875
19/10/2024,Tail Walker,Phil MACHRAY,A1447690
26/10/2024,Tail Walker,Jennie OHALLORAN,A4517635
02/11/2024,Tail Walker,Jennie OHALLORAN,A4517635
09/11/2024,Tail Walker,Nadine BRETT,A6248508
16/11/2024,Tail Walker,Phil MACHRAY,A1447690
19/10/2024,Tail Walker,Martha MACHRAY,A1447696
26/10/2024,Tail Walker,Natalie WIDDOWS,A3383675
02/11/2024,Tail Walker,Emma DELEA,A2134011
09/11/2024,Tail Walker,Jennie OHALLORAN,A4517635
16/11/2024,Tail Walker,Martha MACHRAY,A1447696
19/10/2024,Photographer,Si ADAMS,A1773174
26/10/2024,Photographer,Maisie MARTIN,A7967034(u18)
02/11/2024,Photographer,Tanya THERON,A2099780
19/10/2024,Timekeeper,Peter BLACKLOCK,A1479175
26/10/2024,Timekeeper,Sally PIGGOTT,A1950809
02/11/2024,Timekeeper,Peter BLACKLOCK,A1479175
09/11/2024,Timekeeper,Peter BLACKLOCK,A1479175
16/11/2024,Timekeeper,Mike WARD,A1491976
19/10/2024,Timekeeper,Kirsty NASH,A2724501
26/10/2024,Timekeeper,Niels ANDERSEN,A2194497
02/11/2024,Timekeeper,Karen WILSON,A7255758
09/11/2024,Timekeeper,Marc CRADDOCK,A2535302
16/11/2024,Timekeeper,Marc CRADDOCK,A2535302
16/11/2024,Timekeeper,Hannah CARDUS,A2750540
19/10/2024,Finish Tokens,Hannah CARDUS,A2750540
26/10/2024,Finish Tokens,Vashti GREEN,A1670146
02/11/2024,Finish Tokens,Karen HOLLAND,A2924659
09/11/2024,Finish Tokens,Ian SUTCLIFFE,A2609504
16/11/2024,Finish Tokens,Hannah CARDUS,A2750540
19/10/2024,Barcode Scanning,Deborah KNIGHTBRIDGE,A1468842
26/10/2024,Barcode Scanning,Emma DELEA,A2134011
02/11/2024,Barcode Scanning,Ian SUTCLIFFE,A2609504
09/11/2024,Barcode Scanning,Andrew FOX,A7565107
16/11/2024,Barcode Scanning,Andrew FOX,A7565107
26/10/2024,Barcode Scanning,Sarah GOODEY,A2647347
02/11/2024,Barcode Scanning,Natalie WIDDOWS,A3383675
09/11/2024,Barcode Scanning,Lisa-Marie JOBSON,A3245297
16/11/2024,Barcode Scanning,Deborah KNIGHTBRIDGE,A1468842
19/10/2024,Post-event Close Down,David SKIPP,A1738557
26/10/2024,Post-event Close Down,David SKIPP,A1738557
02/11/2024,Post-event Close Down,Richard ROKOSZYNSKI,A1828288
09/11/2024,Post-event Close Down,Emma DELEA,A2134011
16/11/2024,Post-event Close Down,Mike WARD,A1491976
02/11/2024,Post-event Close Down,Steve DANBY,A528017
09/11/2024,Post-event Close Down,Sarah GOODEY,A2647347
16/11/2024,Post-event Close Down,David SKIPP,A1738557
09/11/2024,Post-event Close Down,Andrew JOBSON,A4893680
16/11/2024,Post-event Close Down,Tania STACEY,A3623964
09/11/2024,Post-event Close Down,Pete ACHER,A1483029
19/10/2024,Volunteer Co-ordinator,Gergana DANBY,A528020
26/10/2024,Volunteer Co-ordinator,Gergana DANBY,A528020
02/11/2024,Volunteer Co-ordinator,Gergana DANBY,A528020
09/11/2024,Volunteer Co-ordinator,Gergana DANBY,A528020
16/11/2024,Volunteer Co-ordinator,Gergana DANBY,A528020
19/10/2024,Token Sorting,Indrani ACHER,A1484476
26/10/2024,Token Sorting,Indrani ACHER,A1484476
02/11/2024,Token Sorting,Deborah MCLEAN,A1671161
09/11/2024,Token Sorting,Jennie OHALLORAN,A4517635
16/11/2024,Token Sorting,Alison WILLIAMS,A1588427
19/10/2024,Token Sorting,Pete ACHER,A1483029
02/11/2024,Token Sorting,Rob MCLEAN,A1671129
09/11/2024,Token Sorting,Richard ROKOSZYNSKI,A1828288
16/11/2024,Token Sorting,Paul WILLIAMS,A292769
19/10/2024,Token Sorting,Michael KAVANAGH,A9935128
02/11/2024,Token Sorting,Katerina COOPER,A1320563
26/10/2024,Report Writer,Stuart MCTEER,A4093732
